article_id,file,size_bytes,sha256,source_body_sha256
001,02_markdown_articles/001_2011-12-12_“远见杯”排名之我见.md,8783,59a66a1baaa255b66010c370c84edfdefb7c840541897404f1ea4db9df821255,3e525c84713560b681a1b81d05af43c39e67ae1e2f51abb09e9c34f6077b43c5
002,02_markdown_articles/002_2012-09-16_送别父亲.md,5412,712c5024ea39e82077757300da2dd0fe415e9601a9fcb2a89801063e2c997ffd,50a792a02101e0af14df980f0dc70c788009ce4ab1c8a55de6f88ca6a46b57e9
003,02_markdown_articles/003_2013-08-13_关于逻辑、经济、政策、市场等.md,13062,1a5260854985c6dcc766ec3351d1fe6c8ee66286e419336bd919b8a047a63b7d,27829388691ad972278ba4b3f9b95983cc2c84e2948e28059a3d70c8ba3f70a0
004,02_markdown_articles/004_2018-07-10_回望青春_感恩母校.md,5317,93172b915d11619a8695a2324ff3caa14f795ee49a1497f1892d1ec09f88c2dc,64223993aef332cf567f768c3ef68f68511c16756a9bb510603db27206c0c8fb
005,02_markdown_articles/005_2018-07-20_高中生活二三事.md,11339,56840392c21fd2df393f9dfbcb5ba7bbd4da29209cbb33f6ce836b6c6259f162,58b220745a0e0bca5154a3277725d309bcc78fba02ae178299cd99f9b8b3c4f1
006,02_markdown_articles/006_2018-07-26_时光的刻痕.md,21281,50669bcc09159e212f3861471d7ebe7d3c81d4b477f2004ecf85fcdf4a930753,5e1bf29f99c7d33b091c3edaddbb7d0cb266ed46860d8d4b169a65dc029541e9
007,02_markdown_articles/007_2020-12-18_关于北京大学秦宛顺靳云汇奖学基金的问答.md,3297,b88119fd33f5e15f0e5dc98d74fb9258f3d8ef1aa1bb34240215bcfe13cdc4ca,47d1b3aca170517ecda83b8016850b6e5f65b8596817af689250ee8cd9318416
008,02_markdown_articles/008_2021-10-01_悼词——李勇先生.md,6892,2bad750e42117de08fc3c63d8d0597f0aef49487f7593381148c95e39784e48d,d191d540c85e303421135421900ef26de320db41fbd314ceb5b6b1ad092b9c4f
009,02_markdown_articles/009_2021-10-11_岁月如歌.md,5617,7a85a9e3a0048dcfc69df28888eea6ec15f5e7c47a99c767126203650119fbb7,94cbd217ae948f95cf9c5603e72f766616b928cec57672ba37adcbf738f00818
010,02_markdown_articles/010_2022-07-22_《投资中国》书评.md,9802,9d9093748136662672f594c54b371eede38b71267a8d822b80814ed2894828a9,379bac315596fe92fa837dceb999d66d805bd997624b99aeeaf021dbac14382c
011,02_markdown_articles/011_2024-02-18_送别母亲.md,6958,69fe2f0a9ac03a5241e71e2c76c062a1c4a8f0b413231f1901f05538d3f6f616,ae530027daacd2f8cd7fba0dbc20752dd98909e3a13c2cbbd9eda6fab7c23df6
012,02_markdown_articles/012_《金钱永不眠》书评.md,4619,881c568c009ed1092c2bd0bd164b8d828f375b2e900f24c58056fd71c6cb09ff,365d01af33b1e2230901a97fedef71e03bf92c441de3cc5576467cd155e230af
013,02_markdown_articles/013_2009-09-09_一块金币引发的思考.md,9648,577d5d2d0af7d021f55cdaa824d2d20fef532160a91bc214ad729cac170548e2,7faf1333dcb868b8b865fb788fde038bd0c2d87b6cc19f5aef24f03659d51830
014,02_markdown_articles/014_2010-10-12_三十年未有之变局——中国潜在增速的趋势转折.md,21149,75f1df5cad5d21e0d2045c9959b168a7e8c0308ca8dffa467435eec39ff28173,31a27b47dfa4966ed7648efcfc11655180caa25ff05ac03e1ca851b913cf95f9
015,02_markdown_articles/015_2011-04-27_光线是可以弯曲的–关于研究方法的一些体悟和浅见.md,37885,7af9f81c65035b10ef1580708c06ec652c7038c766c11c9e904da54a756d51c1,74e5ec2ec3bb2dbca4b567e56d18e797ed80ed882e9a1ffe79a0d7b56617e2c8
016,02_markdown_articles/016_2011-11-25_中国经济是否经过了刘易斯拐点.md,20556,23b57b12e61ca0f1e290d09ea2380fb0571d104dcb92fa439372359752cfb85e,eb3178d94d2281a632f0323d0517d83f27119c3bc37db1940a0f716ee38bbee9
017,02_markdown_articles/017_2012-12-30_《经济运行的逻辑》前言.md,8518,3abe3efccdd1baca7ad2b7c0643e41b178b14fe3ccb44b671a33208f7e6feb5d,d557db2193c7f94c4823c1995aa409258237d0d2bbeddcef74aa027458dd62d6
018,02_markdown_articles/018_2013-10-26_经济数据背后的逻辑.md,16461,cd119407408e0952bd9acc746fa7ee465702c9ecacb405dc7f89288268301eb2,6d275269f6b72806d101ff3ccd85647136a66a949b353cf495d515a71a83b6fb
019,02_markdown_articles/019_2014-09-18_市场预测的可能与不可能.md,10233,fd24d831683b78c267bfab40b37dc946f027c18b714f3954c4603a7f00422256,da57fbd3a9cff9d590f97c513bf5b59aeba146a89c3e613e05853d457aba93b8
020,02_markdown_articles/020_2018-07-31_中美贸易摩擦深处的忧虑.md,37708,f5bca79e89435f578b4d4dd67b63dbbbf28567a5f4ca341de26821e23b3be25c,9b41abd58c529ae4e9909755770505973bbe7fd334990a474b786b19d488af9b
021,02_markdown_articles/021_2009-09-29_通胀趋势与风险分析.md,18417,611d3288d0dc6634ce447f259d1a8bbcda21da4021cd977b342e0a8f62493479,ef19148a7772cc6bc813b6d6156bb9f0fe6f98bf4c84cdd3db99fbcf898244a6
022,02_markdown_articles/022_2010-09-02_上升的地平线——刘易斯拐点与通胀裂口.md,38667,a6efa9759b2d931bc8f9c79955f1bb430c2d4d02344d29235491148d08824d8a,576e7f79571ee012d009f418636ddbfd9670dc231efac9ee14d5020408ad92d3
023,02_markdown_articles/023_2011-01-31_2011看波段.md,5063,1bb16f68ee44102c6a2ca94dde7efaf11caa7cd7da56ec3665701af2868606f5,b2e98f5bc60a36e0d4698a49923513c06e123b170ec4ea25badb0b41df56420e
024,02_markdown_articles/024_2011-06-08_掀开货币的面纱之二–_产出缺口与通货膨胀.md,14940,e8790fab51dc158477af3db2f3c205abfce144530aa7b6e0b0253552c1d70944,811129cd3e173e1a320102a3ce9174687c15f012d156332756fbdf0fad2dfc6a
025,02_markdown_articles/025_2011-06-17_通货膨胀的理解框架.md,14411,b3b5ea2d8168b12a4b7594d0759d54e740496e4ead90a727f05da5e124c68b4d,7bcf1004ac9eff3987f572b2943b30066fd4d558d6686a0aafb5a29b175cb805
026,02_markdown_articles/026_2011-07-14_潮水退去.md,38511,e325b75e07f797a30b049a6dda181c9ffac1c1f8fe10f90f4c176802d5f5f7a4,0b93a455bc1b5bcb3c167db9c90906f9094985c3544f8ee7935048f0cbbcfde8
027,02_markdown_articles/027_2011-08-19_货币与通胀长期关系的简要回顾.md,15292,4d1810e84246c695be731b4205ecc0846495dc8cf3e5a58df15afd190a1cee50,f4eb7d4b74d7bb1fe5e8ba0a1dccaadaecd893ff6266eae7d12b5cb7a80732d9
028,02_markdown_articles/028_2011-08-22_掀开货币的面纱之三-中国的通货膨胀与货币供应.md,29259,64c03d571752b846b8688891e05a29a00585291b54500957ef8488fed251187c,6c117325d110345521609cd33a466112d046696f937d69dd4a7d0f91969ee6af
029,02_markdown_articles/029_2011-08-29_新经济周期的是与非.md,14422,ea7a4612e1d4fbb3019b6150bfd5157698795243e534cdc4e58e1f99923b1e12,b3a1235f216f41cca7ca5f68a48a57e8b75912754707824c9129688470b77e7a
030,02_markdown_articles/030_2011-09-13_通胀是股市的“情敌”.md,10024,519ea8c74745ed96bd2bd77c34aaf2e4a64dc1e61a16e59ddc4bf207557ab62b,26ed2e4c52ac094ec7368f39b7168dd5cb8292d4eefcbdf4c635acb202dc1f87
031,02_markdown_articles/031_2012-06-29_固本培元.md,29017,ebb1a5a826509fdaad110559760e34929a4fbe102c0949acab4d37e82492c2ee,52c1c29fe3505277a8e594179a846a994fafb286f4c91f6cbab34d2e073390b9
032,02_markdown_articles/032_2014-04-20_总量扩张政策难解结构性失业问题.md,19502,0cb239ed3ee2c30ea70cbf634024338cfcfd5d7be972b12216cf245df9b34259,c430166080a526550c74382432e6572ae178606c514069ce4cbf66e3e0641d6e
033,02_markdown_articles/033_2014-05-08_经济增长与城镇新增就业.md,10765,17dbb2219ba5938a1810c0cd2fcd0bcbc29d271b0ada91652ed28316cae5d357,2a4ade7890b2db9d0ce124cdea866e524244de7af92d70d41ec8d8724fc21ff3
034,02_markdown_articles/034_2015-05-15_上升的地平线.md,3593,9863b4667421d75604b9febdbf4200ce4d495876a4851242e92feb877da7ef2c,6c238fcedcc2c654571e006a4c7931255e9a537e8d9055939b2f7a305b239c46
035,02_markdown_articles/035_2017-02-27_反思2016年的两种经济现象.md,10996,ecbb44d4321f2d2802c4b3aff051cb3f1107956e33edfe0e1b05373b9f73fa81,9d570c3f5cf150a9f7ede756e2f19784b480fc2ca80c50c89a502bb41aa37d87
036,02_markdown_articles/036_2017-07-12_年内经济前高后低_中长期景气前景仍值得期待.md,10951,19f80d1430b09b7c0c599fd570b44e391bc9c867026d33128bf1ef0cd69c9b01,a47187482fd11d96d70b89634457202873247cf8be68139b84a1d70d5544ccbe
037,02_markdown_articles/037_2017-09-07_关于经济周期的一些看法.md,9819,a2e3c2877e477fc464df4cec149ea479fbd87576919dbc11e3d4b902cc1cceb8,e120e405866176ad941fee10e192618330b7fbed7d0c0c5d785d0db417cb2739
038,02_markdown_articles/038_2019-12-08_知止不殆.md,80692,4a2cf208c0d1d177e844b253c61b544ac6ea1dfca9bcc24ab153a9f03c4fec4e,1d65b23f1be970868a60feb5d768507991a36a4046118193fd78992acdb3dcb5
039,02_markdown_articles/039_2020-05-03_观察一季度经济数据的三个维度.md,20904,e9f4be7ab839739ec95635643ff7f631e70f86bfc58fae749e28f4cc20006701,c512cce0a12df7802e154629e69b70c54f5bd75295b15f428bb32c11386d4a3c
040,02_markdown_articles/040_2022-11-14_关于中国通货膨胀形成机制的几点观察.md,28811,1b7a85a185dbe1c0c2784a041f71244a1aebe9274701d0c07239f4de96af7c9b,6e4e5170b36f07bdb66d82ef002f598d29c4285d50cee0f125554686fab7cdb5
041,02_markdown_articles/041_2023-06-13_顺势而为.md,35503,27217edfe6a952d8afc9f850921a73b8cfd13e79f017e1f183582908dde43a73,fb43c91b7c10fcddbf181b0927171a29c03067cc101a1527dd813ab2749b3abc
042,02_markdown_articles/042_2023-07-26_针对当前中国经济问题的几点观察.md,14603,2af53d034cf87c0f7610c3b7cdf5d0b44799a54bca4f6194b492ccdd4cc96f1b,ca7cc3821fc76d06775c8bf28993f24ca96f0f80d54263bd1edeec454b3066c5
043,"02_markdown_articles/043_2010-11-11_稳住阵脚,徐图进取.md",5436,8305d34bc2d53e247638b968dbb7b163f392a7fced1f66e884cdd85c59107135,2b024516257b194214a3f3ff2d362bbbab8139e84c9480c2a10cd528ec8a5a40
044,02_markdown_articles/044_2011-05-24_人民币国际化―――问题与思考.md,25374,2feff0e35acecbf59b8fdd9b7fc6369b7921a33886ffd476096f59c354aed2ac,4288511d0ec2f389262daf87499c3ec0f1dcae70a3c986c245883993c0cccbd8
045,"02_markdown_articles/045_2012-02-20_内需显著下降,流动性趋近拐点.md",9124,944f0b7982e6a2c6f4794def79389b3fd57092d72ec6488b8db4074df07fca08,459d2bca10176613733065e055727255be5b92534ea56756d75a3d6044a99164
046,"02_markdown_articles/046_2013-06-26_短期内尾部风险下降,长期内尾部风险上升.md",3098,95c33795e85357ae2198dcd80c2e28ae029ff549ffdc5fc2d53f651938316f6c,610fb9d2a7a20f4e2dae54d250e1ef2260c8abb26bc784b6ecd3193b0d2c2c53
047,02_markdown_articles/047_2013-07-12_潮起潮落.md,36461,d8b59925ff87eaceca8c66faa9a12e641232ab6e1377dddef36e6aed2ecf1a19,e31d607016f15141cca837b65cf3863f714927c9d81a7f970db20919a28a8de1
048,02_markdown_articles/048_2013-12-13_债券之殇.md,27713,3de6c8c5cfc577e57c8f211dd423b6e32b200f2570de2a3c507b1a33095f24d9,15377e15f5aad8f3c84c05ebe224a16a8f3813f027e484b7e97ea17066f6db20
049,02_markdown_articles/049_2013-12-25_IPO注册制和利率市场化改革的代价.md,5540,79114f50401e4bf828027fe55c9df8ac8cd8a9f3f5e4a309ec1466c30b97a3a3,3378992ab27b8fa72b97a98c2059908e97620cc218697bab3d0b92dc5468e55c
050,02_markdown_articles/050_2014-04-21_利率市场化与余额宝的兴起.md,37405,b892af641e91961c504f307c55590ac38d73c644c62b9e97258f9aad26c4332d,2069a442d495f02391a3e2da095328d7eb34fd16ca77c14f0f1c41954c209b1a
051,02_markdown_articles/051_2014-06-17_小制度_大问题.md,16781,4183f679e53c0e703b529f3b0e9c934f7f010f5d1ccdc4de17e47ac16e23ef53,bdefa019e56c3d8ed5d3e9e3c3a7c0738dc1db151d57ef2c33902d2c51959ab3
052,"02_markdown_articles/052_2015-08-12_汇率贬值出其不意,股市维稳增添变数.md",3707,c559c27f1d97d290086bd6da1c5b53da951f20c9f6d56c9e342631295ff94f65,60876283fc9ec2004d2c6dfc3154de22ba5884efa41e8eef8dee79d522869d27
053,02_markdown_articles/053_2015-10-23_人民币汇率向何处去.md,42767,5e5d5a37833ab8ee1082053976e0018a53c7fd5c133bf194c0e84ceadd2cc912,a089b5ceaa9ac8cd6f83739481ba682f0ea712708a89a1481189e0b759256afc
054,02_markdown_articles/054_2015-12-16_含章可贞.md,47602,50183fd343398f8b299bcfd9d6835210fa50164a4f8b371eef4f1742fb5b8e5a,b5586c379d6bd680b0990a1bde074725c7aea78a5dd1b8320c07fa5fde13eb61
055,02_markdown_articles/055_2016-01-23_展望2016年中国经济可能面临的风险.md,11292,80c8e9ea4acec77d497e94bcd85861bfe42ad1028da47ec21d6e46244ba41258,01118239c6504b984310adb49f06b750e798e8190947865f52c33cd0e9473a14
056,02_markdown_articles/056_2016-08-11_货币剪刀差背后的秘密.md,20663,c4dfd9e4aa3faf0e0a5348995fef62fcc889074a091452610c6e440945050acb,c65954a70e8c078aca4f66387c19a36bb41660c3561361334fee6933d58ed041
057,02_markdown_articles/057_2017-01-10_做空成本攀升_离岸人民币短线走强.md,8456,39c30d3a242e5bc6841cd2f027765b70b51f3a5445452ddfdf7ac0ff3797d8ae,c5df160c25abbfd15fbbdd61ed6411493d396def702f7a20e91a5a69302597a0
058,02_markdown_articles/058_2017-02-08_政策利率上调_货币政策趋紧.md,10754,f37311892ad82f5c1bbe5f124a12d9917a3b5b2c386195e5361d742b63ab5431,4793563b2ea2dba4508dd1199e9289d5787704b1bd8b65aef6cbb5c5a8476800
059,02_markdown_articles/059_2017-07-10_影子体系资金从“脱实向虚”到“脱虚向实”.md,17893,6494ba718a6386a2f4344927f7a1aeed610e4431df21a6e5a220429177657487,7a306694b4ee80680d7e0bc6f4103d902f714e1878405c9fbbbfae079e08a838
060,02_markdown_articles/060_2017-07-29_金融去杠杆对实体经济的冲击.md,17928,bae78324dc81614792481197f762b1d97a9e55ae4f2baad71dcb820d8e8c98e6,088bb5e854aa53690e0c517594c63293bf08f0a733e3e73b20d6acc3f26361b2
061,02_markdown_articles/061_2017-09-21_供应受限量跌价升_旺季需求有待检验.md,12128,c4dc9dd49ba87af4dcad3ce3f7b7713a886762791dbfcc8bd5ccc0eb4883eea2,0a5e50f1b3a24c87349620f8fe73ff7efb0e2e2ab7b573f099654139f425fbea
062,02_markdown_articles/062_2017-11-16_我对“将央行发行货币视为股权”这一理论的思考.md,6037,5b8de715134ab2572ecaacc601f1396cade3730d5eb59bf7e788d040314051de,a0d822dd9d250272287282ebac414ced462886b9e4e47009beb23d23f7ca0464
063,02_markdown_articles/063_2018-03-07_真正的汇率市场化是最安全的堤坝.md,8417,de68880e26151ae29702102b7db0e1f1f199488ee38f4e0e987921390387c63e,12f6913aff6455bc51b1f7a25ec24943decde7b184a12d276fc2cbb34bf30ba7
064,02_markdown_articles/064_2020-04-05_出台救济政策比刺激政策更为紧迫.md,10186,ba07408b99b908671686ccb05d2ee808e19e5b57857355437fa599ff8c12e620,30a450f5e09508e851f78bd91940b87b84ca794f425d1b26064e30b9f3203585
065,02_markdown_articles/065_2020-11-07_分析人民币汇率要避免的几个误区.md,5824,47e9488c27a293200bdf1a8c73e2738e19c8155e9c1a5569ed13d45486c2f403,f7652863fc588a646042a9ac9a2239e62d3d4b279bdd83371c93afd1fc2351c2
066,02_markdown_articles/066_2021-02-10_走向2035的中国经济.md,20530,4f1204b9a6532ded10d71a738d9136470935f1b69e6b89bcf817760b4dcb7922,e7a3b9beb97885867428144e0e38557e169445270637701e0a608e560184376a
067,02_markdown_articles/067_2021-03-10_当前金融市场调整或于7月前结束_短期波动背后的若干事实值得注意.md,14958,207705f690127725a579f27925c53b54734099c1f2d166ec868a2a1f52b9652c,74f5b621651a2cd7d06eb957327b38c5964cea3310fca3cd2a2329927c02e466
068,02_markdown_articles/068_2022-05-31_对近期经济金融形势的观察与研判.md,8299,6bf3b9ad148822eda5070468ae9c7ebf6160b0d3a1b18f5ef2f1fa3800d3e5ce,7621fdf86ea01e6f534c1e5789ccde899414296170b0e5ba8c34e3cdb076c1b4
069,02_markdown_articles/069_2010-12-14_事情正在起变化.md,5113,a7e6c0fad4cd76cd628fa643a19c08fbd9adccf3b12ef7bab196905fe282aa53,3ebabb75360edd27a83c22b5ee1108a5336f4db70c496ea537e1c104da917df8
070,02_markdown_articles/070_2011-12-08_资产重估理论概述之三_资产配置优化——实体经济与金融市场的共同调整.md,9285,9a947128b07e2d24057d3be9dfd0f40bb2d27bf10f3250089ce1a54e8cc9c599,0744aa0dd4d8020123a836126035d8d7f6626545aac32665e6ad50ca182abd41
071,02_markdown_articles/071_2011-12-15_向死而生.md,30981,9c95162a09d2d09eb203edafe6656c781a170d42ca67dad17a38bcd2c269eb4d,4765b9c1f7a6141a39dea5dfe368227618aacd16f6194272f8f3d96cb65ba82a
072,02_markdown_articles/072_2012-07-13_货币政策扩张与资产价格重估——资产重估理论之五.md,11503,46691075b6684386b416e2444aeb232cb31c02491494f9b553364c96cb07f4e3,0c03cb837c683018ff98b7b4da571bd52cc3b67c489e6264374770f5293b826f
073,02_markdown_articles/073_2013-01-23_影子银行和壳价值.md,1774,799877ef7187508813597477784c2d70f95ac9a288a822bb8c066ffe9584e141,f1939e789e2315f5664891812a33ce56850e22c4df2c06d2bd944f22e394186b
074,02_markdown_articles/074_2013-06-23_关于近期货币市场利率飙升影响的看法.md,8541,f036ce52360a972c3a761ada4f063a97556f47686eb536a8e6bf84c5c558d511,4384674b7045c238f85e715c2fb135199ea9fc0a911774debe24d4ec23a26920
075,02_markdown_articles/075_2014-01-12_债务危机有多远.md,29948,b44d956c5c9dcb2c2eb13b20282773ba74697ac997c832255c54651b1615be34,4a0838157679cada0efead833529344e25deea0fa0f2b1b7f2ef8fe114c6fa98
076,02_markdown_articles/076_2014-01-23_星星之火.md,23669,afd87138e8f23c607017f1ed367cdc788343d6b3e6e6755519528e62fc14b26d,f4e2f50e75ff20b566a88c3b48e6d45ad0b107d600c2d97d14d6782438832c6e
077,02_markdown_articles/077_2014-05-17_中国经济和资产价格.md,8190,410528e4d078c72025ae2a77a89a65d4ae318e66acbd9d3016a1dd4a7fbaf75c,97505d557432291854758ca99a85dd2fdd8b931d2d1e7cb2e4e37105aeef943f
078,02_markdown_articles/078_2014-08-06_牛市有多远.md,10421,fb05859834044f2e218f39ef4b2abed2bda79d2e3bd3e269c0dd116aeee174ad,199c1d496209e74fbf9fcba9632c8adc1d854167d7ed9c928708da026152ebba
079,02_markdown_articles/079_2014-12-25_见龙在田.md,51402,e382a44c71d42c1329d6a7cc241881797debda8613000ab15eae97bd95ad1349,75a3197e9036dc932055a270162ba8f1930ef178a5dabea6f23e934c5ed15809
080,02_markdown_articles/080_2015-06-01_资本市场向何处去.md,12668,b59701a09fa552ca63c4d391ef4b7b7019adc990fca5e91f01cd4402d0817a32,d70aa5d7536cb7ce703dbb00716c48c329c3cc56641699a88d9284de9c2cb58a
081,02_markdown_articles/081_2015-07-02_日乾夕惕.md,43988,1e38c8cf20835f6a40344ecbcf7c152b0c02a9afc1a0af7a88abe71c03ade6de,7b943c4e7fe41c023947c4a9cea7b4620462a1088eb1c61af77d7905eb7aabcf
082,02_markdown_articles/082_2015-07-24_关于股灾、杠杆与流动性的反思.md,14085,6e483d1fca3f8ade8e01b3c1572d0ee9ddf661c5d6eae8a87aeff22b36f9ec93,0e2e306da20d85fa894ab65fb3e68644734b813cfb755db188a3d941de493918
083,02_markdown_articles/083_2015-08-09_股市震荡之后值得深思的三个问题.md,12635,86ba68b1ae0485706cf504d60195aab6caf7769f0587710e895979b12f16b671,3db9de2b448b9904297e152c6cd67ab9f84a4b39940b35c49cf0f9c098b54b3f
084,02_markdown_articles/084_2015-08-15_关于股灾与资本市场制度建设的讨论(上).md,45455,ba1e39dd587ed77ccab96743b8957855a63962355e86c68f36310b0d39237ed8,7b920f6cd9c2969a6cd0ff6d7eac78c38ed37dad25ba50fb8c41b2951ee4690c
085,02_markdown_articles/085_2016-07-07_守正待时.md,43755,93ed8c7f321548683719c1b7ecf20638fd28449457a046980cdb361df123e24c,89559e89826b9afe79f209f671888980a4c1fcdf2f0fb4ec7cf0c33fdbd34a31
086,02_markdown_articles/086_2017-04-27_商品价格和PPI环比显著走弱_流动性趋紧牵制估值水平.md,3913,7c43c764dd0d9dbe0f0cc7bb9d54033d42283f7cc67be22fa730fc524ae860e7,dbd5caae9b1b7276cc26b1da8fe5fc6e40c94d4624d9860cad68bb7ddc2b62aa
087,02_markdown_articles/087_2017-07-03_中国影子银行体系的兴起和变迁.md,13588,0f1553cf635c54d65cf7a84c0d7fbe9073fbedcbc91763effa7313f0a8cd9d39,cb465a7e61a19d38547a943fb3672d0ebd5964bae805873c607e3f065656b72a
088,02_markdown_articles/088_2017-09-18_金融机构到了河那边_金融监管还在河里.md,15265,14ee697e171caa76a0425a0b52b4864f098368b419018c975b2f19a4a3ff105c,c3ed5b3cf0acbc6809c54e1189acf86196e2d6dbe624bf6f23cb102ca167aae7
089,02_markdown_articles/089_2018-01-25_经济动能维持韧性_市场风险偏好提升.md,12734,caccbed94eec9a8412ab9a13482d8a2c8b2a3711bb9be1beaa376e89f1438d80,3892a95103d4bf319a560b3601f26228e187ee2dec44f865952f8599c0901ffc
090,02_markdown_articles/090_2018-03-20_金融危机以后_中国企业资产负债率趋势下降.md,14359,344fac6a710bfb57a5933dcf6ef7ad20aa5f59dd89b468ec33766cd924034837,fd7c824b80bd6867ab9108bb23807ff380f65bb00e758ab5ed7df5fcb0042553
091,02_markdown_articles/091_2018-05-28_中国企业部门杠杆率之谜.md,8477,7af451d7d525e36f03d64111fdc1e1db6b5ade79480ab96315f76d4c569018fb,0947b90fa19455b70ff1010ab26946e1e69762a07293473048c95b3f9dad7ee6
092,02_markdown_articles/092_2018-05-31_去杠杆之争.md,28735,bff0d31ef55790f04ad0e9da295c4540884a1cf7a450564862c5f9d8825f494d,e4a3ec261b56d182d391790173322f2aad1fb67866093f9b631eb43769ba47b8
093,02_markdown_articles/093_2018-12-28_防范金融危机的三个重要问题——预警可行性、传导机制与政策干预.md,18469,f781aab588869aa94dad8d69b98bd448dceff8cabe6cb5e9923fec182941f68c,baeb71dc5ce6e17297de532f96928207ed47be32e70138569bdff3741ce5b27f
094,02_markdown_articles/094_2020-09-14_青山遮不住_毕竟东流去.md,23183,abca51cce21d97a4171be44eb633bad1af6fc7dda22b691d79968f85f911b708,382f108b6d352d2d6b3902aad2022ed5f345a704b7c9debdc0d94e4ca7e45afd
095,02_markdown_articles/095_2021-01-17_2020年末的信用债风波是一个重要转折点.md,6239,27e266f30ddfba95da393762e28ee2af79c5272c5136254f6d1fffc76e0e98f4,2407b24a242a0f45eeecb43839c8565f16c2a2a4bd3715c33793c503d22ce587
096,02_markdown_articles/096_2022-02-07_关于当前经济和市场形势的几点看法.md,7822,a95fea06e191395b87f5b110a9321a07fcfa114cd949bf9042e1e09564975484,72cef07a28470259a574fa2b32e18f2c8cc3b8cc0b06d7256d7760992537e08e
097,02_markdown_articles/097_中国影子银行兴起及其风险.md,26649,ccedc199b2f9c13ff186bbc8f6c0ae028c5bca617dc183c3b0bc221b14488f31,2fbe3072d7bcf6e33fd7f366d96346d894262cb74560d85a90439c15b06d7048
098,02_markdown_articles/098_关于股灾与资本市场制度建设的讨论(下).md,25918,59caf00b1bb9d2d15ddd0f28ef31fa25d3a7c21aff5fe2e94f36edc7b679f768,c879e5e580b5c003e963d8503027d808c09d678798b9af9c09fdaeb3ae3df9ce
099,02_markdown_articles/099_2009-08-15_危机之下的结构调整与未来政策路径选择.md,16384,6fd835e76875e4971ea357f1c09e12cfdac07f465f9c220401a9c9924b77749e,98590c86bf1c1f39d20ae2db876d40d2bae6b4d582eadc70b9381613447ba01d
100,02_markdown_articles/100_2013-03-05_房地产复苏和调控.md,12346,359b71640b45eca5b6050e256929ed5721ee099850df5478d0d3037363fcb38b,2c5ec570584be5351aa2e0ac2fdaf3a5cb6dbf988c60e5c16fa791ef4bcbf6bc
101,02_markdown_articles/101_2014-07-05_中国房地产市场正在去泡沫化.md,13542,537ffba57beaf31cf71fae96372bb6efe198f14d0ef5d21d4a53856048ad045c,766926c54a8361e4b6e62284f1d4f01249b6262671c6bda467dda6a487fe9590
102,02_markdown_articles/102_2014-07-07_盈虚之有时.md,28954,2158f5176ec43b2354e4a878ef11b6364fc070d8dde5dbf44f7d68b980ba7e85,314abb9f68a2018dbff21c2f1a0a72bfe1ca35c5d7dfd82eee253e1a612f103c
103,02_markdown_articles/103_2014-07-24_房地产市场向何处去.md,14416,81a182e04b407dbfebe4e607a164f78213a49a5bbae01e79656a02631e086299,60180ac24f0a0898959846067b3d6022cedad65642d1560e7b017bf7429a9ffd
104,02_markdown_articles/104_2016-12-27_守望春华.md,55998,1848e43da847797221220d0613a468b0bccf019f7708115087db2e49045b5148,e53cd473e355f9372fe060af4427b96580ce2f73bb6bb11b30f07e6a71339dd5
105,02_markdown_articles/105_2017-10-24_中国的城市化与房地产市场(二).md,17894,ae44021b73c150ffca8eb42a53b8529712b2ac9aaf46d950a0c4e81090d4217a,3d83199c9a00c9e8369e599bca7b848ffe6ae0eadd7cf5b6479ae4e99812fdbd
106,02_markdown_articles/106_2017-10-30_中国的城市化与房地产市场(三).md,11939,7387d2e66b9148b8d88268774717b85b4f3315190b88d8ee65a70149c45bf2d9,d123decb3ada5c034b48084a94716a40d2f985426fdc5409d46af287ffa3085d
107,"02_markdown_articles/107_2017-11-04_站到拐点,我终于找到了房价上涨的主导性因素!.md",40321,855b98a6e05b1403e363dce17f9841b6affcb2410e6ae46d398d03d8484a9098,2832147e1ae3ebc210e5d5a100f7d559bd8f2fb0cc7561afb781a54a1512994b
108,02_markdown_articles/108_2017-11-23_房地产库存已明显低于长期合理水平.md,9542,315dcca1de6e20cced7d4e5576fa100accc09415c741f27ed400a37bd193a4f3,c8fbd63c0dd9e86e414e90decf696892c4e3db96b5f98d4240a752ee33038f57
109,02_markdown_articles/109_2018-01-03_地方政府和少数国企是当前杠杆问题的关键所在.md,11114,a21d6255efb59efe2ed70d2d48b937ac756ab10bb793115b6c0f768adf40ebfc,2fedc22d05ec32d78704c44a616fcd76dba4144d4f07ee89c53585d55ad6bdcf
110,"02_markdown_articles/110_2018-04-24_从供需入手,因地制宜解决房地产问题.md",18959,97132df1db107f25ca61a5a5ad6f48b36b344cd8f4b68da4f692fd6063a31d4f,b5d4f0febbb25e21a213228b365d9c602e54c2ddf83c5e799fcff5742019b8b5
111,02_markdown_articles/111_2021-07-08_风物长宜放眼量.md,42083,36c5b50cbcb8a551eb33026adab962447c81dd0deac78e6ec69ecde6b31739eb,63ddceb10a5b2424283e7e07bea8076859b4b52a21d86fc2e94c3adeb5f91a12
112,02_markdown_articles/112_2021-12-24_沉舟侧畔千帆过.md,40807,ead261c813d94289b70801aedc9ba0823889abbe2c2758329b4fe7bf3534036f,8dcf9f90fc1a9428a37cd59f0740656b0fc7a488b28b2899922e14011645607f
113,02_markdown_articles/113_2022-09-19_2022年市场从何处来、向何处去.md,8556,a8f05d5b000639a747dc17690ff4a3f1de3254659d4ca5c3147490d1d2a5f962,895aadf5af0cce0df93f149c3b64a6775e4e569e5edbf8df553f16f8dc50e6de
114,02_markdown_articles/114_2022-12-18_物转星移又一秋.md,42612,e42705ad2780745cc53ba597e7231625eb9b9daf97428daacb05695f0723b8f5,abcdd7befefdbe68dac9e1059530e64f266656cc6c9cb6e8822bdaed914fe396
115,02_markdown_articles/115_2023-11-08_宏观经济基本环境分析和对消费变化的思考.md,7739,dd2469160b0927a3b98c1f42c199d2b4ec7b8576f371709cbef6ff07792990bc,ed1f7ccaa1a524f3695c0528424c42df3e86de35ecd444a868a1ff080643d004
116,02_markdown_articles/116_2023-12-13_道是无晴却有晴.md,38548,a925b13a9a388e5dcaa01b0bfb725cf00e2f5e63c8e9ebb8168b51759bafcf34,e6ac76935eda1d91125e9b821fc99613d1abe3acaaffd163f5f1270484cb0fb9
117,02_markdown_articles/117_2024-01-30_关于当前房地产市场的几个问题.md,14882,e3f3893875e9b22973a34cc15c937f1205fa59e927a17bde4a2674d7f293932f,a7894f4895a7d41f400fcaf3f5cab0a5ef6bdd47ad1eb13fee86464b3bf9adf3
118,02_markdown_articles/118_2024-05-31_奋楫逐浪天地宽.md,42417,5f7bab08bcfd9e800e172e321e25fc42f0665909ac9feca5fa0868d9a2ae5cc7,0a8e39c8f40a9323cfa4d36b429862e52eec3270d6e7199af10980494c5ae9be
119,"02_markdown_articles/119_2024-09-15_房地产市场正在经历三方面调整,供应侧措施更重要.md",7529,acd89dcbfb8ddd6ec4982bff3eb6587f0294f3f7221385fb2f9b4b1ea0577683,8a545da65fdbcd9bc21b9fc6dea4d45c0243c55f14e06da9240f89d2f788a40f
120,02_markdown_articles/120_2024-09-30_产业结构转型与消费驱动转型.md,17921,49947d70122f8569637dad1a14ebaa866dcf446845affe8166df918033d7689b,036633e7adc3ecdcdde957fe615f35fe93c7d1f36f3ef84e636bdb23cc2c45bf
121,"02_markdown_articles/121_2024-10-22_关于促进房地产市场止跌回稳,加快建立房地产业务新模式的几点思考.md",12337,c83db3099ffa788493fce6f87e356d634d10955adae478404ff36a019d7b7a05,1ed04bffeb34b93c5512f2ce1e3be49450b6bd7cade72abebe41585dcb5ef6b6
122,02_markdown_articles/122_2010-06-07_产业升级_星星之火悄然孕育.md,6016,825415112a5dc08fd0f4b2055422b3b3a012ee4962c65f19b3d943ae00ab55fc,dfff869fdfa83ad911f50e3ba950650e0f065d44b133154bacbf9a09bfbebcc7
123,02_markdown_articles/123_2016-09-02_短周期工业品价格的“蜜月期”快结束了吗.md,9252,9a6f107876e8c51612959913247b5e26be9fca478d7d1be6296e207f891e3611,f9b53ff3b69657252b1ca6075dbe9a13fb949887f04dff0e04b20fa443ed5c29
124,02_markdown_articles/124_2016-12-20_雾霾从哪里来.md,6182,28504640453be8c074b26312f342bd08d7e7e0af67d961580ff0bf82e2ccb62c,120f4547448e3aa66ab90d8feb86500c0e153cf4e65fcde74c1e9eaa75a2f76d
125,02_markdown_articles/125_2017-04-12_僵尸企业特别多的行业都是国有资本集中的行业.md,8530,54d124f081cbab95443d0f262bfde593b32c8440807ccd2f29534ff2fff8e5c7,68fd771e9c167274194c75abf86c0e9b4779f255884f1bad4885616c210201db
126,02_markdown_articles/126_2017-11-25_观察经济结构变化的三个维度.md,9022,f147bd3dbbd62395a0ff3429e57ab9d130d1528a0d3aaaf3fe2c47ed81adb033,a74f08fec3ff6c607a8c5018df6269dec4be68e826b908f78a4bd0c12bdfb0a3
127,02_markdown_articles/127_2017-12-31_走进新时代.md,50367,25fa8c8fe4aad382b2c3889bcf0b3e1aaa070fe1acbefa9010af013ebb19ec11,92665c57e58dfbd62c8051de3bcb5aae3532144b9d8d6f6a19150c95f0549c97
128,02_markdown_articles/128_2018-12-04_怎样看待中美国债利率倒挂_鲍威尔“转鸽”后续如何.md,10752,60a4c54ffe83b26f194e720ccdcec0a363d3889acb3eeeee52b05b1896579c55,5d7f4b8c66e25e49b20ae02c2faee37cdc058edf4704fb6b3ac4108d90d1ab1f
129,02_markdown_articles/129_2018-12-11_反者道之动.md,31861,ebc2c2bb47db13b8438a86cd612c790acc510c2512c22b6a8f5f817f33b85bf8,a77975021b30c660f8f110541f4398ae36f06a43a02df4709e9fe07ae08a283a
130,02_markdown_articles/130_2021-05-27_大宗商品价格上涨的原因、趋势及政策应对.md,16568,fe4a1965a8a74d13aaee39caad5f37a39993ad4a583494ed3c10b9ea3800e67d,e12754a2e2e1a30b3ccdb82cbea5f525a692a351c4e340442b3183815c322fbf
131,02_markdown_articles/131_2021-06-23_碳中和与双循环.md,10013,d3c5993d7a227212a800831f091219329fa06485984cfa3fceca51f9d9fd937c,68852caaf7e3e32601c59de5bf944ad384d447e9d6796267c7950927c84ab626
132,02_markdown_articles/132_2021-11-19_能源短缺与碳达峰.md,11772,c2d028518b07e2cbea10f2e39ed772d29b686b7be41b0e55df8c9b92dd3cee2f,babf3fe7904c59e1443807612e3975f4e94cbd2bd49094eb029beae65d069f11
133,02_markdown_articles/133_2024-06-14_“产能过剩”问题观察_历史规律、现实背景与应对策略.md,10867,4735d895ccb9c878e4bf34e85ce59e45c94dd4e1216134a81fa90c701c35a66e,c66f257de808d5a422234da59b402baaf6064180e65185eaf408421c099614da
134,02_markdown_articles/134_2010-04-12_贸易盈余趋势性下降的前因后果.md,13896,21437b5b9f55782fc6b1aac5a9687319d8a32847bc625477d6b88ce0ecb5e395,a47f5fb092b13ecbc73c4ad56a2debad9edc3fdb3039c80582c2a1d06bf003d1
135,02_markdown_articles/135_2012-01-10_一个基于国际收支变化的分析框架——产能周期理论概述之二.md,9634,dc03342082176cae36d4df6433195377f82656ae9930b603e929a50270e878b4,85bc0ab92a33bb3affd0692ade6beec72acefffe6e83bb44e5ed2e104cbca404
136,02_markdown_articles/136_2012-06-21_总供求平衡与国际收支波动.md,1548,99d0efb2e712cbcd5de7e62d10b39efa1d07ceed945aa4a3f9957498390db57a,9d04894a305ce5530815d6d26518888eb39a54f35f8014e968f7e4f8e5e0d7a3
137,02_markdown_articles/137_2015-11-27_供给侧也有“三驾马车”.md,3958,e0f8cc28df8642805dc7008427168d8e0c843e07d30be778feb6e8cecdfebb59,9ae85d8575bc49c2df5000924286859a9c5a14e431a1cb2d2e189a0004359308
138,02_markdown_articles/138_2017-03-14_进口大幅增长_经济数据积极.md,11066,59891e4a20f102a4c0fb9dc13456d04542ab72f5b857176b7f92cde213cb796d,7351f88b0765267e29ce18c3b13fa9e621b15a2f2f2cd53f8cc002928f3cc68d
139,02_markdown_articles/139_2018-03-21_中美关系已进入修昔底德陷阱.md,11397,adaa7a0f58093f4d70aade1340d51df4d5ad6eb683f2f2634ddd9bea9a6f9ca8,b01eb84c1070a7f07d6b8ff114579941e8b6e103bbdb6841e930530cd69a3c72
140,02_markdown_articles/140_2018-06-21_中美贸易战的走向.md,4527,01867470daabfe63b738610a789ff7c3513b342be1f4db9a8d8d514a28d021c4,2a039da96267cd9391eb0830b29d106ba332fb49d8b5d5ee792eea505ac27421
141,02_markdown_articles/141_2018-07-31_经济下行风险累积.md,9776,2f23f9b52b8f559ed58f0c7d0f26539e63277c75547af583931f25965c7d021e,9990e6ff7e5f49f159ab105996e772855a871d742133f79975d69ee3ff7a6e88
142,02_markdown_articles/142_2018-09-30_中美贸易战影响如何.md,18076,a32d67272385c92b09cc6140aa4f3db0127dbabfb947c02c4cb849355a1bf2f3,97a61869f7ae3d3c4468147502934282069a94b74da6199b069ce0491beaaec9
143,"02_markdown_articles/143_2018-11-22_外需走弱内需疲软,水泥强势值得关注.md",11688,204187b6fe8acfa507f04e774ecb47a184e34127e4bcba06b4fd4a7710946b65,705671dc23743837ac688a35f281a705457b8176e6eb0d6ae6e252048b4963ed
144,"02_markdown_articles/144_2019-01-15_进出口走势不容乐观,托底政策将持续出台.md",4016,186bdf0dc06b8d666e5d2c179030173fae74a21bca6a1397bf38391892879761,47f4722477437438103e5663c35a16fd91eb9edac8617afc6677266b35fee01c
145,02_markdown_articles/145_2019-05-29_静水深流.md,26859,9cb7ed81684e7289b931d000e13dd211b47dc749bd920c9fcb8858765b399df2,d020886d8a6dfbaa2e7d4c37ff80019a434e9c93d69aecaf895ddbeaf68434d5
146,02_markdown_articles/146_2019-08-23_贸易战对实体经济的影响如何.md,5152,97137b3566f402fdb8dda709e4720a7f2da0368e360c4776d0145327ea6d1a9a,05d4e656a20c4a05fbe9f2d2bea6f33b4cfc42e499f3037b7ac8561d331c3ca6
147,02_markdown_articles/147_2019-11-10_让历史照亮未来.md,5982,594ddbfce3700e3e435b74b0ec8632d5c75e8c3d6e245df6c3d4a0219db3a742,d64c65445f17f8924e0e45b2b9289a626c54f53e301b092ad8dcc7bad7afc019
148,02_markdown_articles/148_2022-07-02_吹尽狂沙始到金.md,52752,692a8de4b7b8f23b1e060281ef87822ef002a4f13a06ce2e64ca778399462eac,0153d3061876caf3a0f15f405301b80a177c03bdc8dada1189ec13338089bee5
149,"02_markdown_articles/149_2022-11-21_美国利率顶部依稀在望,全球经济或将步入衰退.md",6103,8db6aaacd8531647e7f6cc86b982afa563524ce72065c0f0524f19000ed04d5f,0f557003d18fe6daf2f25f15b5a14e073b30dbc4dd715771a819228a19dc219f
150,02_markdown_articles/150_2024-07-25_贸易失衡的趋势性与周期性分析.md,9661,3da845c72c38bb28cab3cbd53d164c665c48dc77281b83a956b249eada8b1e90,b88950f8cf100822783d4d9ee0f28fada0973fe68990987407d8950599f01046
151,02_markdown_articles/151_2019-09-28_落实国资划转社保决策宜早不宜迟.md,5518,a46140cd49d382093d9bc53e28a54b34bcd5cf3835c79f41dd13c400f237ede2,01ff62d0459be9c7b863339b8686eebfd32567bd753713e73beb1e4be5878fc3
152,02_markdown_articles/152_2020-02-29_新冠肺炎疫情对全球金融市场和国内实体经济的影响.md,26876,d796038caea0eea43943d77d663378ca2531221cdfe8ed4fba872adbca218154,42bf128e56e85b2dc60a5107b2d938c6ff4956dc2c4364ff95da1c7555bc7061
153,02_markdown_articles/153_2020-03-17_新冠疫情下的全球金融动荡.md,14916,1b10c8f1e35d86b767048920d085227a10fd86a36a935fd2239c4a70e127fe3f,7010366e6949d4ca03858bff8787d90190b1e2aaaf205b0473889800bab67701
154,02_markdown_articles/154_2020-06-14_新冠疫情常态化如何影响经济运行——微观机理、数值估计与政策应对.md,18238,df21d7c8dc874604848a454e69d4e32d263f925af0834d44704ebac92580481c,c7570ae49fd903d128bb52cc1cd6870a2e7775a3e2492fd9b3cfd2288975676c
155,02_markdown_articles/155_2020-07-01_变局之中开新局.md,31090,6811a0be6a1e8374970c34206b281dfd82c34783d354d7df906d7310b4555b5a,960b779a890993dd9118da23b57663165c50f3684026e0f0047f0f7025fd678b
156,02_markdown_articles/156_2020-07-09_后疫情时代的经济与市场.md,13773,9e0175e7f9b808e23c1a0f5e14c800ecd207beefb236b0dd59ef2d72b374fbc2,941a745030876ec937ad55759d2ba56e520c05a5b1c0785e06df4b02e101e29c
157,"02_markdown_articles/157_2020-07-24_经济恢复现分化,政策干预需更有针对性.md",10248,85d35374b9a1d395c9b0279cd83db2354c8b986da1087bccc0acab14accd77e1,a626feffdccc3f14de63e7bd6603fecaca675263be8548c05d484381aa307e47
158,02_markdown_articles/158_2021-01-14_守得云开见月明.md,34146,4097356cd99e9979d9af3c0c800bc39d196146d929faf608823281d5b2005486,abb955304b0850dc15466c2975bdae943fb70b808c825bfa4f26b2823136e4fb
159,02_markdown_articles/159_2021-04-29_疫情下经济恢复的几个特征事实.md,21849,e6995a9441f33ebc284c3d92622265119a2dd0328618206a4af62850efeb5163,0743f53573309c8925e6afab93bac376c5915af7d2c8f735efab45c398288f29
160,02_markdown_articles/160_2022-12-10_定向补贴是降低疤痕效应最有效方法.md,9959,60084dd6908f89989c56378dab4670af11ef8487b20ab99302795a765932518f,e445a0ed22319a23744293f09af472535860dcd2ccd706b1e728bf4bdd8bd48c
