relative_path,size_bytes,sha256
01_skill/README.md,969,d87b501ebfb7519855ef3f9ddb14880b4581fd55ce058fb99a76c88694ed3dc5
01_skill/gaobo-macro-market-policy/SKILL.md,13606,4992d72443058e40378aa95ccf8697c5fec2ab8cada4a2855638605d4e6d8f3e
01_skill/gaobo-macro-market-policy/evals/rubric.md,2842,c5de4a3c8952700a456df0e53b230125174de1e9d67272e9c9d260f50b47e4c8
01_skill/gaobo-macro-market-policy/evals/test_cases.jsonl,5203,6b453ce5fdcad03e9d4b0c01dfd58e88743ae6b5844cc1f783425588aea29a55
01_skill/gaobo-macro-market-policy/references/01_知识库检索与证据规范.md,6293,7e486287f44db20887b86feb670f78ce624da0c42ce54c99da9ce29d448e2c77
01_skill/gaobo-macro-market-policy/references/02_政策分析模块.md,5352,d4a9bd5242deb95a56dd4b921eebb5a5b4f4f5dce4eccf2d0bca84a055c41569
01_skill/gaobo-macro-market-policy/references/03_宏观主题分析模块.md,8267,03b686434b75d506411761e736a03575011a1d3db682e0e145f0d7c8dd6759b7
01_skill/gaobo-macro-market-policy/references/04_资产定价与组合映射.md,4702,4221548daaa19a7e680ddddc8ff9899f4106555b7f9e8fec2be52c24c13d2ef0
01_skill/gaobo-macro-market-policy/references/05_输出模板与质量检查.md,5211,12f35640e52434b99b33ef4c603dcb4ed9e8ae6c75a05d4914a7cd9b675340bc
01_skill/gaobo-macro-market-policy/references/06_文集方法论来源地图.md,5695,6c5e3b01d31d82be80d7a6ab34524dd1f7d3472b1f903c7824ac2fc43305ef1f
01_skill/gaobo-macro-market-policy/references/07_数据口径时点与事件研究.md,4079,4371b2f29818e362039e49a5fee1eaba0966b6dba7558ee81c2769169793a9e5
01_skill/gaobo-macro-market-policy/references/08_广谱观察与排他性证据.md,9588,c56ae7f981e3a67081e121558c2943b7bc200aeba13aece8f90c657facbb06b9
01_skill/高博宏观市场分析Skill.md,63154,2b64e18791fb435c886b0ada2a820337e139b73a824ece88a659ebaaa1b3df50
01_skill/高博宏观市场政策分析Skill_完整版.md,63154,2b64e18791fb435c886b0ada2a820337e139b73a824ece88a659ebaaa1b3df50
02_markdown_articles/001_2011-12-12_“远见杯”排名之我见.md,8783,59a66a1baaa255b66010c370c84edfdefb7c840541897404f1ea4db9df821255
02_markdown_articles/002_2012-09-16_送别父亲.md,5412,712c5024ea39e82077757300da2dd0fe415e9601a9fcb2a89801063e2c997ffd
02_markdown_articles/003_2013-08-13_关于逻辑、经济、政策、市场等.md,13062,1a5260854985c6dcc766ec3351d1fe6c8ee66286e419336bd919b8a047a63b7d
02_markdown_articles/004_2018-07-10_回望青春_感恩母校.md,5317,93172b915d11619a8695a2324ff3caa14f795ee49a1497f1892d1ec09f88c2dc
02_markdown_articles/005_2018-07-20_高中生活二三事.md,11339,56840392c21fd2df393f9dfbcb5ba7bbd4da29209cbb33f6ce836b6c6259f162
02_markdown_articles/006_2018-07-26_时光的刻痕.md,21281,50669bcc09159e212f3861471d7ebe7d3c81d4b477f2004ecf85fcdf4a930753
02_markdown_articles/007_2020-12-18_关于北京大学秦宛顺靳云汇奖学基金的问答.md,3297,b88119fd33f5e15f0e5dc98d74fb9258f3d8ef1aa1bb34240215bcfe13cdc4ca
02_markdown_articles/008_2021-10-01_悼词——李勇先生.md,6892,2bad750e42117de08fc3c63d8d0597f0aef49487f7593381148c95e39784e48d
02_markdown_articles/009_2021-10-11_岁月如歌.md,5617,7a85a9e3a0048dcfc69df28888eea6ec15f5e7c47a99c767126203650119fbb7
02_markdown_articles/00_高善文文集V4.0_全文合并.md,2746937,2942ee5d3c88c3b9a73c63797174e052765daaa61c6a8073a1618e6b23c4d2f2
02_markdown_articles/010_2022-07-22_《投资中国》书评.md,9802,9d9093748136662672f594c54b371eede38b71267a8d822b80814ed2894828a9
02_markdown_articles/011_2024-02-18_送别母亲.md,6958,69fe2f0a9ac03a5241e71e2c76c062a1c4a8f0b413231f1901f05538d3f6f616
02_markdown_articles/012_《金钱永不眠》书评.md,4619,881c568c009ed1092c2bd0bd164b8d828f375b2e900f24c58056fd71c6cb09ff
02_markdown_articles/013_2009-09-09_一块金币引发的思考.md,9648,577d5d2d0af7d021f55cdaa824d2d20fef532160a91bc214ad729cac170548e2
02_markdown_articles/014_2010-10-12_三十年未有之变局——中国潜在增速的趋势转折.md,21149,75f1df5cad5d21e0d2045c9959b168a7e8c0308ca8dffa467435eec39ff28173
02_markdown_articles/015_2011-04-27_光线是可以弯曲的–关于研究方法的一些体悟和浅见.md,37885,7af9f81c65035b10ef1580708c06ec652c7038c766c11c9e904da54a756d51c1
02_markdown_articles/016_2011-11-25_中国经济是否经过了刘易斯拐点.md,20556,23b57b12e61ca0f1e290d09ea2380fb0571d104dcb92fa439372359752cfb85e
02_markdown_articles/017_2012-12-30_《经济运行的逻辑》前言.md,8518,3abe3efccdd1baca7ad2b7c0643e41b178b14fe3ccb44b671a33208f7e6feb5d
02_markdown_articles/018_2013-10-26_经济数据背后的逻辑.md,16461,cd119407408e0952bd9acc746fa7ee465702c9ecacb405dc7f89288268301eb2
02_markdown_articles/019_2014-09-18_市场预测的可能与不可能.md,10233,fd24d831683b78c267bfab40b37dc946f027c18b714f3954c4603a7f00422256
02_markdown_articles/020_2018-07-31_中美贸易摩擦深处的忧虑.md,37708,f5bca79e89435f578b4d4dd67b63dbbbf28567a5f4ca341de26821e23b3be25c
02_markdown_articles/021_2009-09-29_通胀趋势与风险分析.md,18417,611d3288d0dc6634ce447f259d1a8bbcda21da4021cd977b342e0a8f62493479
02_markdown_articles/022_2010-09-02_上升的地平线——刘易斯拐点与通胀裂口.md,38667,a6efa9759b2d931bc8f9c79955f1bb430c2d4d02344d29235491148d08824d8a
02_markdown_articles/023_2011-01-31_2011看波段.md,5063,1bb16f68ee44102c6a2ca94dde7efaf11caa7cd7da56ec3665701af2868606f5
02_markdown_articles/024_2011-06-08_掀开货币的面纱之二–_产出缺口与通货膨胀.md,14940,e8790fab51dc158477af3db2f3c205abfce144530aa7b6e0b0253552c1d70944
02_markdown_articles/025_2011-06-17_通货膨胀的理解框架.md,14411,b3b5ea2d8168b12a4b7594d0759d54e740496e4ead90a727f05da5e124c68b4d
02_markdown_articles/026_2011-07-14_潮水退去.md,38511,e325b75e07f797a30b049a6dda181c9ffac1c1f8fe10f90f4c176802d5f5f7a4
02_markdown_articles/027_2011-08-19_货币与通胀长期关系的简要回顾.md,15292,4d1810e84246c695be731b4205ecc0846495dc8cf3e5a58df15afd190a1cee50
02_markdown_articles/028_2011-08-22_掀开货币的面纱之三-中国的通货膨胀与货币供应.md,29259,64c03d571752b846b8688891e05a29a00585291b54500957ef8488fed251187c
02_markdown_articles/029_2011-08-29_新经济周期的是与非.md,14422,ea7a4612e1d4fbb3019b6150bfd5157698795243e534cdc4e58e1f99923b1e12
02_markdown_articles/030_2011-09-13_通胀是股市的“情敌”.md,10024,519ea8c74745ed96bd2bd77c34aaf2e4a64dc1e61a16e59ddc4bf207557ab62b
02_markdown_articles/031_2012-06-29_固本培元.md,29017,ebb1a5a826509fdaad110559760e34929a4fbe102c0949acab4d37e82492c2ee
02_markdown_articles/032_2014-04-20_总量扩张政策难解结构性失业问题.md,19502,0cb239ed3ee2c30ea70cbf634024338cfcfd5d7be972b12216cf245df9b34259
02_markdown_articles/033_2014-05-08_经济增长与城镇新增就业.md,10765,17dbb2219ba5938a1810c0cd2fcd0bcbc29d271b0ada91652ed28316cae5d357
02_markdown_articles/034_2015-05-15_上升的地平线.md,3593,9863b4667421d75604b9febdbf4200ce4d495876a4851242e92feb877da7ef2c
02_markdown_articles/035_2017-02-27_反思2016年的两种经济现象.md,10996,ecbb44d4321f2d2802c4b3aff051cb3f1107956e33edfe0e1b05373b9f73fa81
02_markdown_articles/036_2017-07-12_年内经济前高后低_中长期景气前景仍值得期待.md,10951,19f80d1430b09b7c0c599fd570b44e391bc9c867026d33128bf1ef0cd69c9b01
02_markdown_articles/037_2017-09-07_关于经济周期的一些看法.md,9819,a2e3c2877e477fc464df4cec149ea479fbd87576919dbc11e3d4b902cc1cceb8
02_markdown_articles/038_2019-12-08_知止不殆.md,80692,4a2cf208c0d1d177e844b253c61b544ac6ea1dfca9bcc24ab153a9f03c4fec4e
02_markdown_articles/039_2020-05-03_观察一季度经济数据的三个维度.md,20904,e9f4be7ab839739ec95635643ff7f631e70f86bfc58fae749e28f4cc20006701
02_markdown_articles/040_2022-11-14_关于中国通货膨胀形成机制的几点观察.md,28811,1b7a85a185dbe1c0c2784a041f71244a1aebe9274701d0c07239f4de96af7c9b
02_markdown_articles/041_2023-06-13_顺势而为.md,35503,27217edfe6a952d8afc9f850921a73b8cfd13e79f017e1f183582908dde43a73
02_markdown_articles/042_2023-07-26_针对当前中国经济问题的几点观察.md,14603,2af53d034cf87c0f7610c3b7cdf5d0b44799a54bca4f6194b492ccdd4cc96f1b
"02_markdown_articles/043_2010-11-11_稳住阵脚,徐图进取.md",5436,8305d34bc2d53e247638b968dbb7b163f392a7fced1f66e884cdd85c59107135
02_markdown_articles/044_2011-05-24_人民币国际化―――问题与思考.md,25374,2feff0e35acecbf59b8fdd9b7fc6369b7921a33886ffd476096f59c354aed2ac
"02_markdown_articles/045_2012-02-20_内需显著下降,流动性趋近拐点.md",9124,944f0b7982e6a2c6f4794def79389b3fd57092d72ec6488b8db4074df07fca08
"02_markdown_articles/046_2013-06-26_短期内尾部风险下降,长期内尾部风险上升.md",3098,95c33795e85357ae2198dcd80c2e28ae029ff549ffdc5fc2d53f651938316f6c
02_markdown_articles/047_2013-07-12_潮起潮落.md,36461,d8b59925ff87eaceca8c66faa9a12e641232ab6e1377dddef36e6aed2ecf1a19
02_markdown_articles/048_2013-12-13_债券之殇.md,27713,3de6c8c5cfc577e57c8f211dd423b6e32b200f2570de2a3c507b1a33095f24d9
02_markdown_articles/049_2013-12-25_IPO注册制和利率市场化改革的代价.md,5540,79114f50401e4bf828027fe55c9df8ac8cd8a9f3f5e4a309ec1466c30b97a3a3
02_markdown_articles/050_2014-04-21_利率市场化与余额宝的兴起.md,37405,b892af641e91961c504f307c55590ac38d73c644c62b9e97258f9aad26c4332d
02_markdown_articles/051_2014-06-17_小制度_大问题.md,16781,4183f679e53c0e703b529f3b0e9c934f7f010f5d1ccdc4de17e47ac16e23ef53
"02_markdown_articles/052_2015-08-12_汇率贬值出其不意,股市维稳增添变数.md",3707,c559c27f1d97d290086bd6da1c5b53da951f20c9f6d56c9e342631295ff94f65
02_markdown_articles/053_2015-10-23_人民币汇率向何处去.md,42767,5e5d5a37833ab8ee1082053976e0018a53c7fd5c133bf194c0e84ceadd2cc912
02_markdown_articles/054_2015-12-16_含章可贞.md,47602,50183fd343398f8b299bcfd9d6835210fa50164a4f8b371eef4f1742fb5b8e5a
02_markdown_articles/055_2016-01-23_展望2016年中国经济可能面临的风险.md,11292,80c8e9ea4acec77d497e94bcd85861bfe42ad1028da47ec21d6e46244ba41258
02_markdown_articles/056_2016-08-11_货币剪刀差背后的秘密.md,20663,c4dfd9e4aa3faf0e0a5348995fef62fcc889074a091452610c6e440945050acb
02_markdown_articles/057_2017-01-10_做空成本攀升_离岸人民币短线走强.md,8456,39c30d3a242e5bc6841cd2f027765b70b51f3a5445452ddfdf7ac0ff3797d8ae
02_markdown_articles/058_2017-02-08_政策利率上调_货币政策趋紧.md,10754,f37311892ad82f5c1bbe5f124a12d9917a3b5b2c386195e5361d742b63ab5431
02_markdown_articles/059_2017-07-10_影子体系资金从“脱实向虚”到“脱虚向实”.md,17893,6494ba718a6386a2f4344927f7a1aeed610e4431df21a6e5a220429177657487
02_markdown_articles/060_2017-07-29_金融去杠杆对实体经济的冲击.md,17928,bae78324dc81614792481197f762b1d97a9e55ae4f2baad71dcb820d8e8c98e6
02_markdown_articles/061_2017-09-21_供应受限量跌价升_旺季需求有待检验.md,12128,c4dc9dd49ba87af4dcad3ce3f7b7713a886762791dbfcc8bd5ccc0eb4883eea2
02_markdown_articles/062_2017-11-16_我对“将央行发行货币视为股权”这一理论的思考.md,6037,5b8de715134ab2572ecaacc601f1396cade3730d5eb59bf7e788d040314051de
02_markdown_articles/063_2018-03-07_真正的汇率市场化是最安全的堤坝.md,8417,de68880e26151ae29702102b7db0e1f1f199488ee38f4e0e987921390387c63e
02_markdown_articles/064_2020-04-05_出台救济政策比刺激政策更为紧迫.md,10186,ba07408b99b908671686ccb05d2ee808e19e5b57857355437fa599ff8c12e620
02_markdown_articles/065_2020-11-07_分析人民币汇率要避免的几个误区.md,5824,47e9488c27a293200bdf1a8c73e2738e19c8155e9c1a5569ed13d45486c2f403
02_markdown_articles/066_2021-02-10_走向2035的中国经济.md,20530,4f1204b9a6532ded10d71a738d9136470935f1b69e6b89bcf817760b4dcb7922
02_markdown_articles/067_2021-03-10_当前金融市场调整或于7月前结束_短期波动背后的若干事实值得注意.md,14958,207705f690127725a579f27925c53b54734099c1f2d166ec868a2a1f52b9652c
02_markdown_articles/068_2022-05-31_对近期经济金融形势的观察与研判.md,8299,6bf3b9ad148822eda5070468ae9c7ebf6160b0d3a1b18f5ef2f1fa3800d3e5ce
02_markdown_articles/069_2010-12-14_事情正在起变化.md,5113,a7e6c0fad4cd76cd628fa643a19c08fbd9adccf3b12ef7bab196905fe282aa53
02_markdown_articles/070_2011-12-08_资产重估理论概述之三_资产配置优化——实体经济与金融市场的共同调整.md,9285,9a947128b07e2d24057d3be9dfd0f40bb2d27bf10f3250089ce1a54e8cc9c599
02_markdown_articles/071_2011-12-15_向死而生.md,30981,9c95162a09d2d09eb203edafe6656c781a170d42ca67dad17a38bcd2c269eb4d
02_markdown_articles/072_2012-07-13_货币政策扩张与资产价格重估——资产重估理论之五.md,11503,46691075b6684386b416e2444aeb232cb31c02491494f9b553364c96cb07f4e3
02_markdown_articles/073_2013-01-23_影子银行和壳价值.md,1774,799877ef7187508813597477784c2d70f95ac9a288a822bb8c066ffe9584e141
02_markdown_articles/074_2013-06-23_关于近期货币市场利率飙升影响的看法.md,8541,f036ce52360a972c3a761ada4f063a97556f47686eb536a8e6bf84c5c558d511
02_markdown_articles/075_2014-01-12_债务危机有多远.md,29948,b44d956c5c9dcb2c2eb13b20282773ba74697ac997c832255c54651b1615be34
02_markdown_articles/076_2014-01-23_星星之火.md,23669,afd87138e8f23c607017f1ed367cdc788343d6b3e6e6755519528e62fc14b26d
02_markdown_articles/077_2014-05-17_中国经济和资产价格.md,8190,410528e4d078c72025ae2a77a89a65d4ae318e66acbd9d3016a1dd4a7fbaf75c
02_markdown_articles/078_2014-08-06_牛市有多远.md,10421,fb05859834044f2e218f39ef4b2abed2bda79d2e3bd3e269c0dd116aeee174ad
02_markdown_articles/079_2014-12-25_见龙在田.md,51402,e382a44c71d42c1329d6a7cc241881797debda8613000ab15eae97bd95ad1349
02_markdown_articles/080_2015-06-01_资本市场向何处去.md,12668,b59701a09fa552ca63c4d391ef4b7b7019adc990fca5e91f01cd4402d0817a32
02_markdown_articles/081_2015-07-02_日乾夕惕.md,43988,1e38c8cf20835f6a40344ecbcf7c152b0c02a9afc1a0af7a88abe71c03ade6de
02_markdown_articles/082_2015-07-24_关于股灾、杠杆与流动性的反思.md,14085,6e483d1fca3f8ade8e01b3c1572d0ee9ddf661c5d6eae8a87aeff22b36f9ec93
02_markdown_articles/083_2015-08-09_股市震荡之后值得深思的三个问题.md,12635,86ba68b1ae0485706cf504d60195aab6caf7769f0587710e895979b12f16b671
02_markdown_articles/084_2015-08-15_关于股灾与资本市场制度建设的讨论(上).md,45455,ba1e39dd587ed77ccab96743b8957855a63962355e86c68f36310b0d39237ed8
02_markdown_articles/085_2016-07-07_守正待时.md,43755,93ed8c7f321548683719c1b7ecf20638fd28449457a046980cdb361df123e24c
02_markdown_articles/086_2017-04-27_商品价格和PPI环比显著走弱_流动性趋紧牵制估值水平.md,3913,7c43c764dd0d9dbe0f0cc7bb9d54033d42283f7cc67be22fa730fc524ae860e7
02_markdown_articles/087_2017-07-03_中国影子银行体系的兴起和变迁.md,13588,0f1553cf635c54d65cf7a84c0d7fbe9073fbedcbc91763effa7313f0a8cd9d39
02_markdown_articles/088_2017-09-18_金融机构到了河那边_金融监管还在河里.md,15265,14ee697e171caa76a0425a0b52b4864f098368b419018c975b2f19a4a3ff105c
02_markdown_articles/089_2018-01-25_经济动能维持韧性_市场风险偏好提升.md,12734,caccbed94eec9a8412ab9a13482d8a2c8b2a3711bb9be1beaa376e89f1438d80
02_markdown_articles/090_2018-03-20_金融危机以后_中国企业资产负债率趋势下降.md,14359,344fac6a710bfb57a5933dcf6ef7ad20aa5f59dd89b468ec33766cd924034837
02_markdown_articles/091_2018-05-28_中国企业部门杠杆率之谜.md,8477,7af451d7d525e36f03d64111fdc1e1db6b5ade79480ab96315f76d4c569018fb
02_markdown_articles/092_2018-05-31_去杠杆之争.md,28735,bff0d31ef55790f04ad0e9da295c4540884a1cf7a450564862c5f9d8825f494d
02_markdown_articles/093_2018-12-28_防范金融危机的三个重要问题——预警可行性、传导机制与政策干预.md,18469,f781aab588869aa94dad8d69b98bd448dceff8cabe6cb5e9923fec182941f68c
02_markdown_articles/094_2020-09-14_青山遮不住_毕竟东流去.md,23183,abca51cce21d97a4171be44eb633bad1af6fc7dda22b691d79968f85f911b708
02_markdown_articles/095_2021-01-17_2020年末的信用债风波是一个重要转折点.md,6239,27e266f30ddfba95da393762e28ee2af79c5272c5136254f6d1fffc76e0e98f4
02_markdown_articles/096_2022-02-07_关于当前经济和市场形势的几点看法.md,7822,a95fea06e191395b87f5b110a9321a07fcfa114cd949bf9042e1e09564975484
02_markdown_articles/097_中国影子银行兴起及其风险.md,26649,ccedc199b2f9c13ff186bbc8f6c0ae028c5bca617dc183c3b0bc221b14488f31
02_markdown_articles/098_关于股灾与资本市场制度建设的讨论(下).md,25918,59caf00b1bb9d2d15ddd0f28ef31fa25d3a7c21aff5fe2e94f36edc7b679f768
02_markdown_articles/099_2009-08-15_危机之下的结构调整与未来政策路径选择.md,16384,6fd835e76875e4971ea357f1c09e12cfdac07f465f9c220401a9c9924b77749e
02_markdown_articles/100_2013-03-05_房地产复苏和调控.md,12346,359b71640b45eca5b6050e256929ed5721ee099850df5478d0d3037363fcb38b
02_markdown_articles/101_2014-07-05_中国房地产市场正在去泡沫化.md,13542,537ffba57beaf31cf71fae96372bb6efe198f14d0ef5d21d4a53856048ad045c
02_markdown_articles/102_2014-07-07_盈虚之有时.md,28954,2158f5176ec43b2354e4a878ef11b6364fc070d8dde5dbf44f7d68b980ba7e85
02_markdown_articles/103_2014-07-24_房地产市场向何处去.md,14416,81a182e04b407dbfebe4e607a164f78213a49a5bbae01e79656a02631e086299
02_markdown_articles/104_2016-12-27_守望春华.md,55998,1848e43da847797221220d0613a468b0bccf019f7708115087db2e49045b5148
02_markdown_articles/105_2017-10-24_中国的城市化与房地产市场(二).md,17894,ae44021b73c150ffca8eb42a53b8529712b2ac9aaf46d950a0c4e81090d4217a
02_markdown_articles/106_2017-10-30_中国的城市化与房地产市场(三).md,11939,7387d2e66b9148b8d88268774717b85b4f3315190b88d8ee65a70149c45bf2d9
"02_markdown_articles/107_2017-11-04_站到拐点,我终于找到了房价上涨的主导性因素!.md",40321,855b98a6e05b1403e363dce17f9841b6affcb2410e6ae46d398d03d8484a9098
02_markdown_articles/108_2017-11-23_房地产库存已明显低于长期合理水平.md,9542,315dcca1de6e20cced7d4e5576fa100accc09415c741f27ed400a37bd193a4f3
02_markdown_articles/109_2018-01-03_地方政府和少数国企是当前杠杆问题的关键所在.md,11114,a21d6255efb59efe2ed70d2d48b937ac756ab10bb793115b6c0f768adf40ebfc
"02_markdown_articles/110_2018-04-24_从供需入手,因地制宜解决房地产问题.md",18959,97132df1db107f25ca61a5a5ad6f48b36b344cd8f4b68da4f692fd6063a31d4f
02_markdown_articles/111_2021-07-08_风物长宜放眼量.md,42083,36c5b50cbcb8a551eb33026adab962447c81dd0deac78e6ec69ecde6b31739eb
02_markdown_articles/112_2021-12-24_沉舟侧畔千帆过.md,40807,ead261c813d94289b70801aedc9ba0823889abbe2c2758329b4fe7bf3534036f
02_markdown_articles/113_2022-09-19_2022年市场从何处来、向何处去.md,8556,a8f05d5b000639a747dc17690ff4a3f1de3254659d4ca5c3147490d1d2a5f962
02_markdown_articles/114_2022-12-18_物转星移又一秋.md,42612,e42705ad2780745cc53ba597e7231625eb9b9daf97428daacb05695f0723b8f5
02_markdown_articles/115_2023-11-08_宏观经济基本环境分析和对消费变化的思考.md,7739,dd2469160b0927a3b98c1f42c199d2b4ec7b8576f371709cbef6ff07792990bc
02_markdown_articles/116_2023-12-13_道是无晴却有晴.md,38548,a925b13a9a388e5dcaa01b0bfb725cf00e2f5e63c8e9ebb8168b51759bafcf34
02_markdown_articles/117_2024-01-30_关于当前房地产市场的几个问题.md,14882,e3f3893875e9b22973a34cc15c937f1205fa59e927a17bde4a2674d7f293932f
02_markdown_articles/118_2024-05-31_奋楫逐浪天地宽.md,42417,5f7bab08bcfd9e800e172e321e25fc42f0665909ac9feca5fa0868d9a2ae5cc7
"02_markdown_articles/119_2024-09-15_房地产市场正在经历三方面调整,供应侧措施更重要.md",7529,acd89dcbfb8ddd6ec4982bff3eb6587f0294f3f7221385fb2f9b4b1ea0577683
02_markdown_articles/120_2024-09-30_产业结构转型与消费驱动转型.md,17921,49947d70122f8569637dad1a14ebaa866dcf446845affe8166df918033d7689b
"02_markdown_articles/121_2024-10-22_关于促进房地产市场止跌回稳,加快建立房地产业务新模式的几点思考.md",12337,c83db3099ffa788493fce6f87e356d634d10955adae478404ff36a019d7b7a05
02_markdown_articles/122_2010-06-07_产业升级_星星之火悄然孕育.md,6016,825415112a5dc08fd0f4b2055422b3b3a012ee4962c65f19b3d943ae00ab55fc
02_markdown_articles/123_2016-09-02_短周期工业品价格的“蜜月期”快结束了吗.md,9252,9a6f107876e8c51612959913247b5e26be9fca478d7d1be6296e207f891e3611
02_markdown_articles/124_2016-12-20_雾霾从哪里来.md,6182,28504640453be8c074b26312f342bd08d7e7e0af67d961580ff0bf82e2ccb62c
02_markdown_articles/125_2017-04-12_僵尸企业特别多的行业都是国有资本集中的行业.md,8530,54d124f081cbab95443d0f262bfde593b32c8440807ccd2f29534ff2fff8e5c7
02_markdown_articles/126_2017-11-25_观察经济结构变化的三个维度.md,9022,f147bd3dbbd62395a0ff3429e57ab9d130d1528a0d3aaaf3fe2c47ed81adb033
02_markdown_articles/127_2017-12-31_走进新时代.md,50367,25fa8c8fe4aad382b2c3889bcf0b3e1aaa070fe1acbefa9010af013ebb19ec11
02_markdown_articles/128_2018-12-04_怎样看待中美国债利率倒挂_鲍威尔“转鸽”后续如何.md,10752,60a4c54ffe83b26f194e720ccdcec0a363d3889acb3eeeee52b05b1896579c55
02_markdown_articles/129_2018-12-11_反者道之动.md,31861,ebc2c2bb47db13b8438a86cd612c790acc510c2512c22b6a8f5f817f33b85bf8
02_markdown_articles/130_2021-05-27_大宗商品价格上涨的原因、趋势及政策应对.md,16568,fe4a1965a8a74d13aaee39caad5f37a39993ad4a583494ed3c10b9ea3800e67d
02_markdown_articles/131_2021-06-23_碳中和与双循环.md,10013,d3c5993d7a227212a800831f091219329fa06485984cfa3fceca51f9d9fd937c
02_markdown_articles/132_2021-11-19_能源短缺与碳达峰.md,11772,c2d028518b07e2cbea10f2e39ed772d29b686b7be41b0e55df8c9b92dd3cee2f
02_markdown_articles/133_2024-06-14_“产能过剩”问题观察_历史规律、现实背景与应对策略.md,10867,4735d895ccb9c878e4bf34e85ce59e45c94dd4e1216134a81fa90c701c35a66e
02_markdown_articles/134_2010-04-12_贸易盈余趋势性下降的前因后果.md,13896,21437b5b9f55782fc6b1aac5a9687319d8a32847bc625477d6b88ce0ecb5e395
02_markdown_articles/135_2012-01-10_一个基于国际收支变化的分析框架——产能周期理论概述之二.md,9634,dc03342082176cae36d4df6433195377f82656ae9930b603e929a50270e878b4
02_markdown_articles/136_2012-06-21_总供求平衡与国际收支波动.md,1548,99d0efb2e712cbcd5de7e62d10b39efa1d07ceed945aa4a3f9957498390db57a
02_markdown_articles/137_2015-11-27_供给侧也有“三驾马车”.md,3958,e0f8cc28df8642805dc7008427168d8e0c843e07d30be778feb6e8cecdfebb59
02_markdown_articles/138_2017-03-14_进口大幅增长_经济数据积极.md,11066,59891e4a20f102a4c0fb9dc13456d04542ab72f5b857176b7f92cde213cb796d
02_markdown_articles/139_2018-03-21_中美关系已进入修昔底德陷阱.md,11397,adaa7a0f58093f4d70aade1340d51df4d5ad6eb683f2f2634ddd9bea9a6f9ca8
02_markdown_articles/140_2018-06-21_中美贸易战的走向.md,4527,01867470daabfe63b738610a789ff7c3513b342be1f4db9a8d8d514a28d021c4
02_markdown_articles/141_2018-07-31_经济下行风险累积.md,9776,2f23f9b52b8f559ed58f0c7d0f26539e63277c75547af583931f25965c7d021e
02_markdown_articles/142_2018-09-30_中美贸易战影响如何.md,18076,a32d67272385c92b09cc6140aa4f3db0127dbabfb947c02c4cb849355a1bf2f3
"02_markdown_articles/143_2018-11-22_外需走弱内需疲软,水泥强势值得关注.md",11688,204187b6fe8acfa507f04e774ecb47a184e34127e4bcba06b4fd4a7710946b65
"02_markdown_articles/144_2019-01-15_进出口走势不容乐观,托底政策将持续出台.md",4016,186bdf0dc06b8d666e5d2c179030173fae74a21bca6a1397bf38391892879761
02_markdown_articles/145_2019-05-29_静水深流.md,26859,9cb7ed81684e7289b931d000e13dd211b47dc749bd920c9fcb8858765b399df2
02_markdown_articles/146_2019-08-23_贸易战对实体经济的影响如何.md,5152,97137b3566f402fdb8dda709e4720a7f2da0368e360c4776d0145327ea6d1a9a
02_markdown_articles/147_2019-11-10_让历史照亮未来.md,5982,594ddbfce3700e3e435b74b0ec8632d5c75e8c3d6e245df6c3d4a0219db3a742
02_markdown_articles/148_2022-07-02_吹尽狂沙始到金.md,52752,692a8de4b7b8f23b1e060281ef87822ef002a4f13a06ce2e64ca778399462eac
"02_markdown_articles/149_2022-11-21_美国利率顶部依稀在望,全球经济或将步入衰退.md",6103,8db6aaacd8531647e7f6cc86b982afa563524ce72065c0f0524f19000ed04d5f
02_markdown_articles/150_2024-07-25_贸易失衡的趋势性与周期性分析.md,9661,3da845c72c38bb28cab3cbd53d164c665c48dc77281b83a956b249eada8b1e90
02_markdown_articles/151_2019-09-28_落实国资划转社保决策宜早不宜迟.md,5518,a46140cd49d382093d9bc53e28a54b34bcd5cf3835c79f41dd13c400f237ede2
02_markdown_articles/152_2020-02-29_新冠肺炎疫情对全球金融市场和国内实体经济的影响.md,26876,d796038caea0eea43943d77d663378ca2531221cdfe8ed4fba872adbca218154
02_markdown_articles/153_2020-03-17_新冠疫情下的全球金融动荡.md,14916,1b10c8f1e35d86b767048920d085227a10fd86a36a935fd2239c4a70e127fe3f
02_markdown_articles/154_2020-06-14_新冠疫情常态化如何影响经济运行——微观机理、数值估计与政策应对.md,18238,df21d7c8dc874604848a454e69d4e32d263f925af0834d44704ebac92580481c
02_markdown_articles/155_2020-07-01_变局之中开新局.md,31090,6811a0be6a1e8374970c34206b281dfd82c34783d354d7df906d7310b4555b5a
02_markdown_articles/156_2020-07-09_后疫情时代的经济与市场.md,13773,9e0175e7f9b808e23c1a0f5e14c800ecd207beefb236b0dd59ef2d72b374fbc2
"02_markdown_articles/157_2020-07-24_经济恢复现分化,政策干预需更有针对性.md",10248,85d35374b9a1d395c9b0279cd83db2354c8b986da1087bccc0acab14accd77e1
02_markdown_articles/158_2021-01-14_守得云开见月明.md,34146,4097356cd99e9979d9af3c0c800bc39d196146d929faf608823281d5b2005486
02_markdown_articles/159_2021-04-29_疫情下经济恢复的几个特征事实.md,21849,e6995a9441f33ebc284c3d92622265119a2dd0328618206a4af62850efeb5163
02_markdown_articles/160_2022-12-10_定向补贴是降低疤痕效应最有效方法.md,9959,60084dd6908f89989c56378dab4670af11ef8487b20ab99302795a765932518f
03_rag_chunks/README.md,515,31912336e4adb786400fa0133003bca71a73ab317ddf0ea63da9d3160cbaacd0
03_rag_chunks/chunks_1200_160.jsonl,7080156,abd58f1d05ca01131ea0dfad8e3344ad8ec2a2fd6f839948eb6f0112c5da0360
03_rag_chunks/chunks_index.csv,263714,e619dd162481eda2179280387981ae7a4eeece144b0b6f968fee30e86950e22c
03_rag_chunks/chunks_semantic_900_120.jsonl,8781286,4e782b77d558f03be574d314b9105ee5a0ecbc9f1ac6e8a704e0ec6a3f14e80a
03_rag_chunks/chunks_semantic_index.csv,813288,18eebc34fdbeca4d968bdaed885e6f91ac0da5a6c66df54c8abee559a508f957
04_guides/00_高善文文集导读与使用说明.md,5328,242ec466de765d6944d07be290e04b05ca8b891d88d1d63fbe0d020c33ff6c3f
04_guides/01_高博Skill说明与使用手册.md,5018,03b06b01bc93d6b51128f0828541eae70bf3ac8e5b3262a327bc463bb9c95e1c
04_guides/02_高博EPUB文集说明.md,1890,a2df563ecd3ebbd57a5ce678ee1b06a98cb3af1969b9fc617f2ecc9144fbd773
04_guides/03_V4.0数据库更新说明.md,2146,4661bc7122cb1e1e2914a39f1ac6feb151582c34fe24603429ef7c26ca29eb80
04_guides/使用提示词模板.md,3033,213487d689c200da9b5ed9b922ed7a47d847e9c7af1ca33e353c8a3e4b2ac8a8
04_guides/部署与检索建议.md,2924,8ebbc09ebdbf0d17be286681c9cf250367dc92dd339efeb9a214d8e3135c9dbc
05_indexes/article_index.csv,172261,159562dca8a8684f39fe2ef01a6c1d8faff001e932ce09de4d4cf6aca7320c1a
05_indexes/article_index_v2.csv,338614,1e14250427b18a381c040ceaad2ec7c2aa5d8fa68822d7539e6bdcf73a188f38
05_indexes/asset_map.md,43163,33ad554c986ce1795571ac1b8b0725c891684eda060c89cabcf79f327856157d
05_indexes/broad_observation_dimension_map.md,46710,61e9c4ba62869f0ca752397e2aa05440b71c7386cbac565e67532acc2a13b77b
05_indexes/category_map.md,23305,5a83c920767589110e989ed3231ceea11c6941a2af4c5e7fb4f528c7d9d18f16
05_indexes/duplicate_map.csv,89,b159cbbda41e018ef3e80ff9ffd9eafaeac8d038c5ecaf0c05702914f4a97b4b
05_indexes/epub_article_inventory.csv,71191,d1b5bb9b543836611f21c3e6e5bfb1f6eb0586175418396c76e7dbb982886ce3
05_indexes/epub_image_asset_inventory.csv,134402,0a3670ebecff4591ae28d7f1aa2cab9ca0511ce1b89d835f4fe7cd558cb481fa
05_indexes/epub_image_reference_index.csv,314100,88d2f5828a8b8f575ba0a2577513cda06cbfc2e5afa13bf7282f15bca23d3cda
05_indexes/epub_structure_summary.json,2496,8ebee35be1a909431267b39eed8ff99f0fc980dbcefe9b16dfc2712693aeab9a
05_indexes/exclusive_evidence_method_map.md,42515,852af6391c228942b67a115fd531ba461480a633c5149e4450da04d2672bb8b3
05_indexes/figures_index.csv,65030,fb8587348b28da76e3658cc2e967032e09fbcb75e39dd0ca3aca4e48228f6dbe
05_indexes/legacy_v3_to_v4_map.csv,12083,c8a474f3b2a9691238758d0c4ab659d47c82b1889c1df12505ce00dbd3c8a083
05_indexes/methodology_concept_map.md,43819,cd9577124246446644adff66c81a31cd731812b46ce10d21d38e388d613b686e
05_indexes/methodology_source_map.md,6737,1c2e9f578013a28014e2ad61cd56296d3856d7f04d45096da542d75f17237b6f
05_indexes/policy_map.md,32047,38b95fb1d086244a5cd2bd2f3fbb61a51763c80fb04b49fa1f84774cdc8ccb4c
05_indexes/timeline.md,31927,2ac6f207fdde8e6466c9494e7f9f2d842175882a7d541733eca9df3f935ca39b
05_indexes/topic_map.md,128569,7f0402fc07d634b43924e494fe1613faa25abc6d421b973fdfe10442ee8b6727
05_indexes/topic_map_v2.md,128569,7f0402fc07d634b43924e494fe1613faa25abc6d421b973fdfe10442ee8b6727
06_quality/article_sha256.csv,35061,30c41f05e7d5ac6dd738f70675576c99062bc7c61042972a17e9b059c3c8e74b
06_quality/build_stats.json,544,cb9917ad3beaf5449641fb896a2af695bc09095c99fb066f50420e2d03233867
06_quality/epub_internal_reference_checks.csv,363794,b9b3c67e0102123fed6a634ed9180ce31d8b7930fe886590fb8e99418c2176e8
06_quality/epub_text_fidelity.csv,31434,3caac3ab46e74542a6df91496cc2f3d63c15905da4b1f607cf216c3301082b6d
06_quality/input_file_hashes.csv,165,2f100beee670de359479e856890981fbfea5f493d0976b8339378298650738e2
06_quality/semantic_chunk_coverage.csv,11241,b63277967bf450f17f0b6ed043c2a136ee6942bd826823a99e452834848d7a06
06_quality/source_update_diff_summary.json,1808,3160c0f2df767a4bca671d0870aa01a543a425161aa4b6d3ee8febd382f41459
06_quality/validation_checks.csv,4507,04468e458460264bff05e3d2a4bdc61fa98ceb5ed58614c9d003795c1a507417
06_quality/validation_report.md,6495,39b5653b591211b685348e5a4915129e185ed2cfe5740ec5d9c0274b615360be
06_quality/validation_summary.json,466,b5eee7aa82e4759323e34b94edbaf3701f48da0398df794d22f18544fe865259
07_tools/__pycache__/validate_pack.cpython-313.pyc,40475,294f547cd35ac8c29c7c29bbcaf3140f183be5dff26b4a01b6af9d5cb3e10452
07_tools/assemble_skill.py,1582,6c4b6d4b6ad4b72b8653c866edf8dd7da60afaa20cf95d005f5bd0ddc792c159
07_tools/build_enhanced_indexes_and_chunks.py,38094,9b7236fdf26756c8a8241004402dd8bc8f717855a7929a83425e589afd3656ef
07_tools/build_manifest.py,2110,ec11eaf51268acf3519ed1b5e573beadc8a74d2c249b49b8944bbe33319866ef
07_tools/build_v4_corpus.py,23584,a0c8371295a07e2cad1a33c0879cd4155e4acb3edc2f731487cefb2afecaa966
07_tools/inspect_epub.py,12397,60e05a792df1fe3838999ec4efc39f065279048d16448cb392c724e3ee32863d
07_tools/validate_pack.py,23705,97352c7ecd9c480fa50fd3693776849f480f9a0f5a8a06520e4a9aad70602158
CHANGELOG.md,1688,074d59b5471dbc2266eb63778278cba5bbfd08ed48a08a034b64d97f8cc61b79
README.md,4863,27839ec08f0d6781c009cafe95a607c86a81d5f86d49776b95d1fc9e0c15b2c5
