article_id,title,body_non_ws_chars,semantic_chunk_count,semantic_core_non_ws_chars,fixed_chunk_count,has_semantic_chunks,has_fixed_chunks
001,“远见杯”排名之我见,2549,3,2549,2,true,true
002,送别父亲,1444,2,1444,1,true,true
003,关于逻辑、经济、政策、市场等,4076,5,4076,3,true,true
004,回望青春 感恩母校,1469,2,1469,1,true,true
005,高中生活二三事,3451,5,3422,4,true,true
006,时光的刻痕,6728,9,6687,8,true,true
007,关于北京大学秦宛顺靳云汇奖学基金的问答,753,2,706,1,true,true
008,悼词——李勇先生,1973,2,1973,2,true,true
009,岁月如歌,1514,2,1514,2,true,true
010,《投资中国》书评,2940,3,2940,3,true,true
011,送别母亲,1959,2,1959,2,true,true
012,《金钱永不眠》书评,1243,2,1232,1,true,true
013,一块金币引发的思考,2700,3,2693,2,true,true
014,三十年未有之变局——中国潜在增速的趋势转折,6892,13,6703,11,true,true
015,光线是可以弯曲的–关于研究方法的一些体悟和浅见,12207,18,12060,15,true,true
016,中国经济是否经过了刘易斯拐点？,6707,13,6402,11,true,true
017,《经济运行的逻辑》前言,2475,3,2464,2,true,true
018,经济数据背后的逻辑,4638,5,4634,4,true,true
019,市场预测的可能与不可能,3015,3,3015,3,true,true
020,中美贸易摩擦深处的忧虑,12361,15,12266,13,true,true
021,通胀趋势与风险分析,5858,6,5854,5,true,true
022,上升的地平线——刘易斯拐点与通胀裂口,11487,19,11228,16,true,true
023,2011看波段,1438,2,1438,1,true,true
024,掀开货币的面纱之二– 产出缺口与通货膨胀,4643,8,4552,7,true,true
025,通货膨胀的理解框架,4484,7,4368,6,true,true
026,潮水退去,11761,23,11371,18,true,true
027,货币与通胀长期关系的简要回顾,4711,7,4674,6,true,true
028,掀开货币的面纱之三-中国的通货膨胀与货币供应,9534,16,9278,14,true,true
029,新经济周期的是与非,4448,8,4378,6,true,true
030,通胀是股市的“情敌”,3034,3,3034,3,true,true
031,固本培元,9522,18,8856,17,true,true
032,总量扩张政策难解结构性失业问题,5825,6,5825,5,true,true
033,经济增长与城镇新增就业,3143,4,3143,3,true,true
034,上升的地平线,931,1,926,1,true,true
035,反思2016年的两种经济现象,3369,4,3369,3,true,true
036,年内经济前高后低 中长期景气前景仍值得期待,3429,5,3382,5,true,true
037,关于经济周期的一些看法,2888,3,2888,3,true,true
038,知止不殆,25269,35,25047,29,true,true
039,观察一季度经济数据的三个维度,6186,7,6166,6,true,true
040,关于中国通货膨胀形成机制的几点观察,8787,14,8671,12,true,true
041,顺势而为,10845,16,10638,14,true,true
042,针对当前中国经济问题的几点观察,4496,5,4492,4,true,true
043,稳住阵脚，徐图进取,1448,2,1448,1,true,true
044,人民币国际化―――问题与思考,8109,12,8022,10,true,true
045,内需显著下降，流动性趋近拐点,2778,5,2723,5,true,true
046,短期内尾部风险下降，长期内尾部风险上升,627,1,627,1,true,true
047,潮起潮落,10915,19,10665,16,true,true
048,债券之殇,8943,13,8851,11,true,true
049,IPO注册制和利率市场化改革的代价,1555,2,1555,2,true,true
050,利率市场化与余额宝的兴起,12387,20,12105,16,true,true
051,小制度 大问题,5081,6,5022,6,true,true
052,汇率贬值出其不意，股市维稳增添变数,800,1,800,1,true,true
053,人民币汇率向何处去？,13688,22,13380,19,true,true
054,含章可贞,15040,25,14682,22,true,true
055,展望2016年中国经济可能面临的风险,3166,4,3162,3,true,true
056,货币剪刀差背后的秘密,6517,10,6434,8,true,true
057,做空成本攀升 离岸人民币短线走强,2529,6,2433,5,true,true
058,政策利率上调 货币政策趋紧,3390,5,3289,5,true,true
059,影子体系资金从“脱实向虚”到“脱虚向实”,5748,10,5594,9,true,true
060,金融去杠杆对实体经济的冲击,5091,5,5091,4,true,true
061,供应受限量跌价升 旺季需求有待检验,3783,6,3705,5,true,true
062,我对“将央行发行货币视为股权”这一理论的思考,1634,2,1634,2,true,true
063,真正的汇率市场化是最安全的堤坝,2430,3,2430,2,true,true
064,出台救济政策比刺激政策更为紧迫,3094,3,3090,3,true,true
065,分析人民币汇率要避免的几个误区,1636,2,1632,2,true,true
066,走向2035的中国经济,6341,8,6333,6,true,true
067,当前金融市场调整或于7月前结束　短期波动背后的若干事实值得注意,4666,5,4662,4,true,true
068,对近期经济金融形势的观察与研判,2467,3,2463,2,true,true
069,事情正在起变化,1424,2,1424,1,true,true
070,资产重估理论概述之三：资产配置优化——实体经济与金融市场的共同调整,2739,5,2707,3,true,true
071,向死而生,9449,17,9021,15,true,true
072,货币政策扩张与资产价格重估——资产重估理论之五,3556,5,3476,5,true,true
073,影子银行和壳价值,213,1,213,1,true,true
074,关于近期货币市场利率飙升影响的看法,2477,5,2285,3,true,true
075,债务危机有多远？,10213,17,9989,14,true,true
076,星星之火,7710,13,7506,13,true,true
077,中国经济和资产价格,2486,3,2486,2,true,true
078,牛市有多远,3202,6,3165,4,true,true
079,见龙在田,16859,30,16477,26,true,true
080,资本市场向何处去,3990,4,3990,3,true,true
081,日乾夕惕,13819,28,13446,25,true,true
082,关于股灾、杠杆与流动性的反思,4653,7,4551,6,true,true
083,股市震荡之后值得深思的三个问题,3828,6,3743,4,true,true
084,关于股灾与资本市场制度建设的讨论（上）,14898,20,14806,17,true,true
085,守正待时,14022,21,13781,19,true,true
086,商品价格和PPI环比显著走弱 流动性趋紧牵制估值水平,915,1,915,1,true,true
087,中国影子银行体系的兴起和变迁,4394,8,4278,6,true,true
088,金融机构到了河那边 金融监管还在河里,4771,5,4771,4,true,true
089,经济动能维持韧性 市场风险偏好提升,4169,9,4024,8,true,true
090,金融危机以后 中国企业资产负债率趋势下降,4450,5,4450,4,true,true
091,中国企业部门杠杆率之谜,2471,3,2471,2,true,true
092,去杠杆之争,7913,12,7727,11,true,true
093,防范金融危机的三个重要问题——预警可行性、传导机制与政策干预,5766,6,5766,5,true,true
094,青山遮不住 毕竟东流去,6947,10,6897,9,true,true
095,2020年末的信用债风波是一个重要转折点,1713,2,1713,2,true,true
096,关于当前经济和市场形势的几点看法,2287,3,2287,2,true,true
097,中国影子银行兴起及其风险,9385,13,9247,10,true,true
098,关于股灾与资本市场制度建设的讨论（下）,8276,9,8270,7,true,true
099,危机之下的结构调整与未来政策路径选择,5084,5,5084,4,true,true
100,房地产复苏和调控,3379,6,3309,6,true,true
101,中国房地产市场正在去泡沫化,4075,4,4071,3,true,true
102,盈虚之有时,8999,16,8825,16,true,true
103,房地产市场向何处去？,4584,8,4517,6,true,true
104,守望春华,17408,23,17290,18,true,true
105,中国的城市化与房地产市场（二）,5823,7,5773,6,true,true
106,中国的城市化与房地产市场（三）,3803,6,3788,5,true,true
107,站到拐点，我终于找到了房价上涨的主导性因素！,13516,17,13429,13,true,true
108,房地产库存已明显低于长期合理水平,2893,3,2893,2,true,true
109,地方政府和少数国企是当前杠杆问题的关键所在,3322,4,3322,3,true,true
110,从供需入手，因地制宜解决房地产问题,5965,7,5908,6,true,true
111,风物长宜放眼量,12866,16,12777,13,true,true
112,沉舟侧畔千帆过,13404,20,13239,16,true,true
113,2022年市场从何处来、向何处去？,2493,3,2493,2,true,true
114,物转星移又一秋,12819,23,12449,20,true,true
115,宏观经济基本环境分析和对消费变化的思考,2202,3,2198,2,true,true
116,道是无晴却有晴,11671,17,11552,14,true,true
117,关于当前房地产市场的几个问题,4423,5,4419,4,true,true
118,奋楫逐浪天地宽,13260,16,13208,13,true,true
119,房地产市场正在经历三方面调整，供应侧措施更重要,2119,3,2115,2,true,true
120,产业结构转型与消费驱动转型,4872,5,4868,4,true,true
121,关于促进房地产市场止跌回稳，加快建立房地产业务新模式的几点思考,3673,6,3567,5,true,true
122,产业升级：星星之火悄然孕育,1645,2,1645,2,true,true
123,短周期工业品价格的“蜜月期”快结束了吗？,2738,5,2661,5,true,true
124,雾霾从哪里来？,1803,2,1803,2,true,true
125,僵尸企业特别多的行业都是国有资本集中的行业,2515,3,2515,2,true,true
126,观察经济结构变化的三个维度,2638,3,2638,2,true,true
127,走进新时代,16099,27,15796,22,true,true
128,怎样看待中美国债利率倒挂？鲍威尔“转鸽”后续如何？,2991,3,2991,3,true,true
129,反者道之动,9440,14,9359,12,true,true
130,大宗商品价格上涨的原因、趋势及政策应对,5199,6,5195,4,true,true
131,碳中和与双循环,2659,4,2591,3,true,true
132,能源短缺与碳达峰,3387,4,3383,3,true,true
133,“产能过剩”问题观察：历史规律、现实背景与应对策略,3248,6,3096,4,true,true
134,贸易盈余趋势性下降的前因后果,4254,5,4254,4,true,true
135,一个基于国际收支变化的分析框架——产能周期理论概述之二,2852,6,2785,5,true,true
136,总供求平衡与国际收支波动,123,1,123,1,true,true
137,供给侧也有“三驾马车”,943,1,943,1,true,true
138,进口大幅增长 经济数据积极,3491,7,3162,7,true,true
139,中美关系已进入修昔底德陷阱,3447,4,3442,3,true,true
140,中美贸易战的走向,1137,1,1137,1,true,true
141,经济下行风险累积,2834,6,2755,4,true,true
142,中美贸易战影响如何？,5542,6,5538,4,true,true
143,外需走弱内需疲软，水泥强势值得关注,2845,3,2845,2,true,true
144,进出口走势不容乐观，托底政策将持续出台,798,1,798,1,true,true
145,静水深流,7980,11,7923,9,true,true
146,贸易战对实体经济的影响如何,1241,1,1241,1,true,true
147,让历史照亮未来,1696,2,1692,2,true,true
148,吹尽狂沙始到金,19551,28,19255,24,true,true
149,美国利率顶部依稀在望，全球经济或将步入衰退,1653,2,1649,2,true,true
150,贸易失衡的趋势性与周期性分析,2939,3,2935,3,true,true
151,落实国资划转社保决策宜早不宜迟,1483,2,1479,1,true,true
152,新冠肺炎疫情对全球金融市场和国内实体经济的影响,7592,8,7588,6,true,true
153,新冠疫情下的全球金融动荡,4605,5,4601,4,true,true
154,新冠疫情常态化如何影响经济运行——微观机理、数值估计与政策应对,5576,7,5568,5,true,true
155,变局之中开新局,9153,12,9058,10,true,true
156,后疫情时代的经济与市场,4248,7,4163,6,true,true
157,经济恢复现分化，政策干预需更有针对性,2712,3,2708,2,true,true
158,守得云开见月明,10860,14,10812,11,true,true
159,疫情下经济恢复的几个特征事实,6452,8,6390,7,true,true
160,定向补贴是降低疤痕效应最有效方法,2938,3,2934,3,true,true
