article_id,title,date,category,image_count,image_alts,article_md,note
013,一块金币引发的思考,2009-09-09,代表作与研究方法,5,图1：彩金币的价格（元） | 图2：剔除黄金价格的影响后彩金币的价格（元） | 图3：指数化后的剔除了黄金价格影响的彩金币的价格与股指 | 图4：指数化后的剔除了黄金价格影响的彩金币的价格与股指 | 图5：“贵妃醉酒”与“群英会”的价格（元）,02_markdown_articles/013_2009-09-09_一块金币引发的思考.md,正文保留图题、来源与 EPUB 图像路径注释；原始图像仍在源 EPUB 中。
018,经济数据背后的逻辑,2013-10-26,代表作与研究方法,13,图1 可贸易部门的供给与需求 | 图2供应释放对可贸易部门的影响 | 图3 贸易盈余占比上升 | 图4 排除内需萎缩：国内总产出扩张 | 图5 观察外需：发达与新兴工业产出同比 | 图6 观察外需：可贸易品价格 | 图7 观察外需：中国出口额和出口量同比 | 图8 观察汇率：人民币有效汇率指数 | 图9总供应释放相关证据：核心CPI低位运行 | 图10 城镇就业增速上升 | 图11城镇单位平均工资指数 | 图12 资本存量上升的原因 | 图13贸易盈余占比（%）,02_markdown_articles/018_2013-10-26_经济数据背后的逻辑.md,正文保留图题、来源与 EPUB 图像路径注释；原始图像仍在源 EPUB 中。
021,通胀趋势与风险分析,2009-09-29,周期、通胀与人口,4,文章图表 | 文章图表 | 文章图表 | 文章图表,02_markdown_articles/021_2009-09-29_通胀趋势与风险分析.md,正文保留图题、来源与 EPUB 图像路径注释；原始图像仍在源 EPUB 中。
022,上升的地平线——刘易斯拐点与通胀裂口,2010-09-02,周期、通胀与人口,33,图 1：日本实际工资指数同比（%） | 图 2：日本的 PPI 和 CPI（%） | 图 3：日本 CPI 分类同比变化（%） | 图 4：日本 CPI 鲜菜和个人护理（%） | 图 5：CPI、PPI 和 CPI 食品的定基数（1993=100） | 图 6：中国三种粮食平均单位产量的成本趋势（1990=100） | 图 7：CPI 和 CPI 家庭服务及加工维修服务费同比变化（%） | 图 8：中国种粮单位劳动动力机会成本（元/日） | 图 9：中国不同劳动力密集农产品的累计涨幅（2000 年-2007 年） | 图 10：中国不同劳动力密集农产品的生产者价格潜在涨幅 | 图 11：中国过去二十年的 CPI 和 PPI 的变化（%） | 图 12：发电设备平均利用小时 | 图 13：中国过去十年的 CPI 和 PPI 的变化（%） | 图 14：CPI 鲜菜的两年复合同比增长率（%） | 图 15：CPI 粮食的两年复合同比增长率（%） | 图 16：韩国实际工资指数同比（%） | 图 17：韩国的 PPI 和 CPI（%） | 图 18：韩国的 CPI 食品和 CPI 非食品（%） | 图 19：台湾实际工资指数同比（%） | 图 20：台湾的 WPI 和分类 CPI（%） | 图 21：日本各部门通胀和生产效率进步（1961 年-1992 年） | 图 22：美国各部门通胀和生产效率进步（1962 年-1991 年） | 图 23：中国不同劳动力密集农产品的累计涨幅（2000 年-2007 年） | 公式 | 公式 | 公式 | 公式 | 图 23：中国不同劳动力密集农产品的累计涨幅（2000 年-2007 年） | 公式 | 图 23：中国不同劳动力密集农产品的累计涨幅（2000 年-2007 年） | 公式 | 公式 | 图 24：中国不同劳动力密集农产品的生产者价格潜在涨幅,02_markdown_articles/022_2010-09-02_上升的地平线——刘易斯拐点与通胀裂口.md,正文保留图题、来源与 EPUB 图像路径注释；原始图像仍在源 EPUB 中。
026,潮水退去,2011-07-14,周期、通胀与人口,23,图1：CPI 增速预测（%） | 图2：猪粮比 | 图3：中美PPI 同比增速（%） | 图4：全球工业同比增速与中国规模以上工业同比增速 | 图5：OECD 工业同比增速与中国规模以上工业同比增速（%） | 图6：全球工业指数季度环比增速（%，季调） | 图7：OECD 工业指数季度环比增速（%，季调） | 图8：中国不同劳动力密集农产品的累计涨幅（2000 年-2007 年） | 图9：中国不同劳动力密集农产品的累计涨幅（1990 年-2000 年） | 图10：城乡月度CPI 蔬菜价格增速差（%，农村-城市） | 图11：城乡社会消费品零售增速差（县-城市，%） | 图12：加权平均利率绝对值（%） | 图13：加权贷款利率较基准利率上浮（%） | 图14：第二产业名义增速与GDP 名义增速（%） | 图15：社会融资总量同比增速与贷款增速（%） | 图16：社会融资总量同比增速II（%） | 图17：贸易盈余占名义GDP 比例（季度，%） | 图18：名义和实际贸易盈余占比（%） | 图19：工业企业利润率（%） | 图20：工业企业下游利润率（%） | 图21：工业企业中游利润率（%） | 图22：工业企业上游利润率（%） | 图23：工业企业上、中、下游增加值占比图,02_markdown_articles/026_2011-07-14_潮水退去.md,正文保留图题、来源与 EPUB 图像路径注释；原始图像仍在源 EPUB 中。
027,货币与通胀长期关系的简要回顾,2011-08-19,周期、通胀与人口,6,图1：货币供应量增速与通货膨胀率 | 图2：货币供应量增速与通货膨胀率 | 图2：货币供应量增速与通货膨胀率 | 公式 | 图2：货币供应量增速与通货膨胀率 | 公式,02_markdown_articles/027_2011-08-19_货币与通胀长期关系的简要回顾.md,正文保留图题、来源与 EPUB 图像路径注释；原始图像仍在源 EPUB 中。
032,总量扩张政策难解结构性失业问题,2014-04-20,周期、通胀与人口,11,图1 经济增速与城镇就业增速 | 图2 经济增速与城镇就业增速散点图 | 图3 经济增速与城镇职工平均工资实际增速 | 图4 经济增速与城镇职工平均工资实际增速散点图 | 图5外出农民工月均工资名义增速 | 图6 求人倍率：按年龄 | 图7求人倍率：按学历 | 图8 城镇就业增速与适龄劳动人口增速 | 图 9 城镇就业渗透率的变化 | 图 9 城镇就业渗透率的变化 | 图10 GDP实际城镇就业渗透率的变化,02_markdown_articles/032_2014-04-20_总量扩张政策难解结构性失业问题.md,正文保留图题、来源与 EPUB 图像路径注释；原始图像仍在源 EPUB 中。
033,经济增长与城镇新增就业,2014-05-08,周期、通胀与人口,6,图1：GDP 实际增速与城镇就业人口存量增速，% | 图2：GDP 实际增速与城镇单位职工平均工资实际增速，% | 图3：GDP 实际增速与城镇单位职工平均工资实际增速，% | 图4：按年龄分组人才市场求人倍率 | 图5：按学历分组人才市场求人倍率 | 图6：中国适龄劳动人口数量，15-64 岁,02_markdown_articles/033_2014-05-08_经济增长与城镇新增就业.md,正文保留图题、来源与 EPUB 图像路径注释；原始图像仍在源 EPUB 中。
038,知止不殆,2019-12-08,周期、通胀与人口,63,图1：转型中的实际GDP 增速，% | 图2：转型中的人均耗电，千瓦时/年 | 图3：转型中的城市化率，% | 图4：转型中非农就业占适龄劳动人口比，% | 图5：转型开始后8 年出口份额累积提升比例，% | 图6：转型中制造业实际工资指数 | 图7：转型中制造业实际工资指数（汇率调整） | 图8：转型中人均汽车保有量，辆/人 | 图9：转型中人均汽车保有量（基年调整），辆/人 | 图10：转型中投资率，% | 图11：转型开始后投资率的下降，% | 图12：转型中杠杆率，% | 图13：转型开始后8 年杠杆率的累积提升率，% | 图14：转型开始后8 年杠杆率的累积提升率，% | 图15：发债企业ROE：民企-国企，% | 图16：AA 级发债企业ROE：民企-国企，% | 图17：发债的上市和未上市国企、民企ROE，% | 图18：3 年期AA 级企业发债利率：民企-国企，% | 图19：1 年期AA+级企业发债利率：民企-国企，% | 图20：1 年期AA+级信用债二级市场收益率：民企-国企，% | 图21：产业债利差：民企-中央国企，BP | 图22：产业债利差：民企-地方国企，BP | 图23：ROE<10%分位数的企业的ROE 均值：民企-国企，% | 图24：ROE<3%的企业的ROE 均值：民企-国企，% | 图25：ROE<0 的企业的ROE 均值：民企-国企，% | 图26：企业的现金流：民企-国企，% | 图27：ROE<10%分位数的企业的现金流：民企-国企，% | 图28：上市公司PE 值：民企-国企 | 图29：上市公司PB 值：民企-国企 | 图30：PE 与ROE：民企-国企 | 图31：PB 与ROE：民企-国企 | 图32：规上工业企业资产负债率：民企V.S.国企，% | 图33：各风格板块上市公司资产负债率：民企V.S.国企，% | 图34：全球出口名义和实际同比，% | 图35：中国出口同比和对美出口同比，% | 图36：名义和实际贸易盈余/GDP，% | 图37：全社会固定政策投资同比，% | 图38：基础设施投资当季同比，% | 图39：狭义和广义地方政府债务余额同比，% | 图40：城投平台有息负债余额同比，% | 图41：制造业投资：出口依赖度高V.S.低，% | 图42：限产组和对照组工业增加值同比，% | 图43：限产组和对照组工业增加值同比，% | 图44：商品房非合意存货，千平方米 | 图45：房地产销售面积和新开工面积同比，% | 图表 | 图表 | 图表 | http://s4.sinaimg.cn/mw690/002jf5rkgy6QV0VPTjBd3&690 | http://s14.sinaimg.cn/mw690/002jf5rkgy6QV0X7NmJfd&690 | http://s8.sinaimg.cn/mw690/002jf5rkgy6QV0Z1SWbf7&690 | http://s4.sinaimg.cn/mw690/002jf5rkgy6QV11g0x5b3&690 | http://s12.sinaimg.cn/mw690/002jf5rkgy6QV11snqP2b&690 | 图表 | 图表 | 图表 | 图表 | 图表 | http://s1.sinaimg.cn/mw690/002jf5rkgy6QV1jciisb0&690 | http://s13.sinaimg.cn/mw690/002jf5rkgy6QV1kGYNeec&690 | http://s10.sinaimg.cn/mw690/002jf5rkgy6QV1mkHxLb9&690 | http://s16.sinaimg.cn/mw690/002jf5rkgy6QV1nj7BR3f&690 | http://s11.sinaimg.cn/mw690/002jf5rkgy6QV1p6s7Uda&690,02_markdown_articles/038_2019-12-08_知止不殆.md,正文保留图题、来源与 EPUB 图像路径注释；原始图像仍在源 EPUB 中。
039,观察一季度经济数据的三个维度,2020-05-03,周期、通胀与人口,9,图1：金融海啸和新冠疫情对经济增速的影响 | 图2：金融海啸和新冠疫情对工业增加值的影响 | 图3：金融海啸和新冠疫情对PPI的影响 | 图4：金融海啸和新冠疫情对非食品CPI的影响 | 图5：金融海啸和新冠疫情对CPI的影响 | 图6：新冠疫情对线上、线下消费总量的影响 | 图7：新冠疫情对线上食品、日用品、服装消费的影响 | 图8：新冠疫情对日用品消费的影响 | 图9：金融海啸和新冠疫情对家庭服务及加工维修服务的影响,02_markdown_articles/039_2020-05-03_观察一季度经济数据的三个维度.md,正文保留图题、来源与 EPUB 图像路径注释；原始图像仍在源 EPUB 中。
040,关于中国通货膨胀形成机制的几点观察,2022-11-14,周期、通胀与人口,24,图1：中美PPI 同比，% | 图2：CPI 和核心CPI，% | 图表 | 图3：中国PPI 和CPI 食品分项当季同比，% | 图4：农产品和生产资料价格指数同比，% | 图5：农产品资料价格和农村人均农业纯收入同比，% | 图6：各类食品价格对第二产业GDP 缩减指数的相关系数，% | 图7：各类食品价格对第二产业GDP 缩减指数的弹性，% | 图8：中国PPI 和CPI 食品分项当季同比，% | 图9：各类食品价格对第二产业GDP 缩减指数的相关系数，% | 图10：各类食品价格对第二产业GDP 缩减指数的弹性，% | 图表 | 图表 | 图11：农民工月均工资和城镇就业工资比例，元，% | 图12：总体和分产业劳动生产效率年均增长率，% | 图13：2013-2019 年产出缺口与核心CPI，% | 图14：全国居民恩格尔系数，% | 图15：各经济体CPI 中食品烟酒分项权重，% | 图16：农村居民支出中非现金占比，% | 图17：城镇和农村居民消费中非现金支出比率，% | 图18：农村居民当年新增银行存款占总储蓄比重，% | 图19：不同规模生猪饲养户数 | 图20：生猪生产成本：规模养殖/散养，% | 图表,02_markdown_articles/040_2022-11-14_关于中国通货膨胀形成机制的几点观察.md,正文保留图题、来源与 EPUB 图像路径注释；原始图像仍在源 EPUB 中。
041,顺势而为,2023-06-13,周期、通胀与人口,23,图1：MSCI 发达市场指数，点 | 图2：各发达经济体股价指数，点 | 图3：发达国家国债收益率，% | 图4：发达国家核心CPI 同比，% | 图5：MSCI 新兴市场指数，点 | 图6：发展中国家股价指数，点 | 图7：新兴经济体美元债收益率和本币债收益率，% | 图8：发展中国家国债收益率，% | 图9：发展中国家核心CPI 同比，% | 图10：放开后正常状态发达国家GDP 环比折年率，% | 图11：放开后正常状态发展中国家GDP 环比折年率，% | 图12：发达国家超额储蓄率，% | 图13：部分国家财政补贴力度与储蓄率偏离度，% | 图14：不同阶段家庭消费支出同比差值-GDP 同比差值，% | 图15：各国老龄人口劳动参与率2022 年较2019 年变化，% | 图16：美国绿卡发放人数，万人 | 图17：核心CPI 差值与55 岁以上人口劳动参与率差值，% | 图18：中国居民超额储蓄率，% | 图19：外出务工劳动力人数同比，% | 图20：外出务工劳动力工资月均收入同比，% | 图21：沪深300 与申万房地产指数 | 图22：不同阶段申万房地产相对沪深300 差额跌幅，% | 图23：A 股民营和国有房地产企业指数,02_markdown_articles/041_2023-06-13_顺势而为.md,正文保留图题、来源与 EPUB 图像路径注释；原始图像仍在源 EPUB 中。
047,潮起潮落,2013-07-12,流动性、利率与汇率,36,图1：房地产开发投资增速（%） | 图2：政府基础设施建设投资增速（%） | 图3：建筑业产出增速（%） | 图4：水泥产量增速（%） | 图5：用电量增速（%） | 图6：钢材产量增速（%） | 图7：限额以上餐饮服务业收入增速（%） | 图8：住宿餐饮业产出增速（%） | 图9：批发零售业业产出增速（%） | 图10：原煤产量增速（%） | 图11：铁矿石产量增速（%） | 图12：煤炭净进口占消费量的比例（%） | 图13：煤炭开采和洗选业利润增速（%） | 图14：煤炭开采和洗选业投资增速（%） | 图15：中美工业品价格波动（%） | 图16：中国出口波动（MA3，%） | 图17：贸易盈余表现（亿美元） | 图18：OECD 工业环比（MA3，%） | 图19：新兴经济体工业环比（MA3，%） | 图20：OECD 工业产出（MA3，%） | 图21：新兴经济体工业产出（MA3，%） | 图22：发达经济体与新兴经济体的比较（MA3，%） | 图23：PPI 环比（%） | 图24：新兴市场的汇率、股指和债券OAS | 图25：非金融A 股ROE | 图26：制造业投资增速（%） | 图27：欧洲同业拆借利差（%） | 图28：其他存款性公司国外净资产（十亿人民币） | 图29：外汇占款投放（亿人民币） | 图30：资本流入（亿人民币） | 图31：一年期NDF 市场人民币升值预期（%） | 图32：中国和十大新兴经济体兑美元汇率指数（2010 年1 月=100） | 图33：国债收益率（%，10 年期对应右轴） | 图34：银行间中短期票据收益率（%） | 图35：一般贷款加权利率与票据融资加权利率（右轴）（%） | 图36：贷款增速与社会融资规模增速（%）,02_markdown_articles/047_2013-07-12_潮起潮落.md,正文保留图题、来源与 EPUB 图像路径注释；原始图像仍在源 EPUB 中。
051,小制度 大问题,2014-06-17,流动性、利率与汇率,4,图1：2003年以来的外汇占款余额同比增速（%） | 图2：3个月、6个月保本理财产品与同期限银行定存利差（%） | 图3：61个月大额协议存款与同期限银行定存利差（%） | 图4：银行间债券收益率（%）,02_markdown_articles/051_2014-06-17_小制度_大问题.md,正文保留图题、来源与 EPUB 图像路径注释；原始图像仍在源 EPUB 中。
052,汇率贬值出其不意，股市维稳增添变数,2015-08-12,流动性、利率与汇率,3,图1：中国的境外美元主权债CDS 费率 | 图2：中国的境外美元主权债CDS 费率 | 图3：银行间10 年期国债到期收益率（%）,"02_markdown_articles/052_2015-08-12_汇率贬值出其不意,股市维稳增添变数.md",正文保留图题、来源与 EPUB 图像路径注释；原始图像仍在源 EPUB 中。
053,人民币汇率向何处去？,2015-10-23,流动性、利率与汇率,14,图1：2015 年8 月11 日-10 月23 日人民币汇率走势 | 图2：2015 年8 月11 日-10 月23 日A 股走势 | 图3：2015 年8 月11 日-10 月23 日全球股市走势 | 图4：金融机构和中央银行新增外汇占款占GDP 比（%） | 图5：经常账户与商品贸易顺差占GDP 比（%） | 图6：2014 年经常项目细分情况（%） | 图7：商务部口径：FDI 与ODI 占GDP 比（%） | 图8：国际收支平衡表口径：FDI 与ODI 占GDP 比（%） | 图9：美元指数 | 图10：2014 年各国货物进出口总额（万亿美元） | 图11：2014 年各国服务进出口总额（万亿美元） | 图12：2014 年各国货物和服务进出口总额（万亿美元） | 图13：制造业增加值（亿美元） | 图14：制造业增加值，PPP 衡量2005 年不变价（亿国际元）,02_markdown_articles/053_2015-10-23_人民币汇率向何处去.md,正文保留图题、来源与 EPUB 图像路径注释；原始图像仍在源 EPUB 中。
054,含章可贞,2015-12-16,流动性、利率与汇率,38,图1：农民工工资及增速（元/天，%） | 图2：衣着加工服务费同比（%） | 图3：家庭服务与加工维修服务同比（%） | 图4：个人服务同比（%） | 图5：车辆使用与维修服务同比（%） | 图6：中国全口径外债余额（亿元，%） | 图7：BIS 外债统计：中国国债券余额及同比（按发行人国别区分） | 图8：城镇单位分行业职工平均工资（元/年） | 图9：农民工主要就业行业年工资（元/年） | 图10：国际农产品指数和原油价格 | 图11：小麦价格国内外比较（元/吨） | 图12：大米国内外比较（元/吨） | 图13：玉米国内外比较（元/吨） | 图14：经常账户与商品贸易顺差占GDP 比（%） | 图15：2014 年经常项目细项顺差（亿美元） | 图16：商务部：FDI、ODI 占GDP 比（%） | 图17：国际收支平衡表：FDI、ODI 占GDP 比（%） | 图18：国际收支基础差额占GDP 比（%） | 图19：证券投资与其他投资差额之和占GDP 比（%） | 图20：外汇占款口径资本流入占GDP 比（%） | 图21：NDF 市场人民币一年内升值预期（%） | 图22：对华出口占总出口比与汇率调整幅度散点图 | 图23：中国潜在GDP 增速，% | 图24：制造业增加值/服务业增加值的国际经验 | 图25：中国第三产业占GDP 比重 | 图26：中国和高收入国家第三产业行业占GDP 比重 | 图27：较发达国家占比差异较大的行业 | 图28：第三产业中“其他行业”增速，% | 图29：“其他行业”中细分行业占第三产业比重 | 图30：废弃资源综合利用业增速，% | 图31：计算机、通信和电子设备制造业增速，%% | 图32：工业增加值同比增速，% | 图33：广义财政支出 | 图34：发达经济体制造业PMI | 图35：中国进出口数量季度同比增速，% | 图36：OECD 综合领先指标 | 图37：上市房地产企业销售利润率 | 图38：商品房销售面积当季同比增速，%,02_markdown_articles/054_2015-12-16_含章可贞.md,正文保留图题、来源与 EPUB 图像路径注释；原始图像仍在源 EPUB 中。
055,展望2016年中国经济可能面临的风险,2016-01-23,流动性、利率与汇率,9,图1 中国出口量实际同比，% | 图2 全球出口实际增速，% | 图3 中国和全球出口量增速，% | 图4 对华进口变化和人民币汇率 | 图5 广义财政支出同比 | 图6 一般公共财政支出和其他支出同比 | 图7 上市房地产企业存货水平 | 图8 新开工与销售面积之差 | 图9 房地产存货水平,02_markdown_articles/055_2016-01-23_展望2016年中国经济可能面临的风险.md,正文保留图题、来源与 EPUB 图像路径注释；原始图像仍在源 EPUB 中。
056,货币剪刀差背后的秘密,2016-08-11,流动性、利率与汇率,12,图1：M1 同比增速劲升（%） | 图2：准货币细项（企事业单位定期存款、住户存款、其他存款）同比 | 图3：M1 与M2 增速的背离 | 图4：企业活期存款和居民活期存款同步增长 | 图5：M1 同比与GDP 名义同比（%） | 图6：证券市场交易结算资金余额 | 图7：商品房销售额当季同比（%） | 图8：银行定期（3 个月）与活期存款利率差（%） | 图9：理财预期收益率与定存利率的差（%） | 图10：银行理财产品余额及同比增速 | 图11：债券和公募基金份额 | 图12：资本流入占名义GDP 的比重（%）,02_markdown_articles/056_2016-08-11_货币剪刀差背后的秘密.md,正文保留图题、来源与 EPUB 图像路径注释；原始图像仍在源 EPUB 中。
060,金融去杠杆对实体经济的冲击,2017-07-29,流动性、利率与汇率,14,图1 银行间质押式回购利率：7天（MA5） | 图2 银行间债券到期收益率：国开债和AA+中票 | 图3 票据直贴利率（%） | 图4 金融机构加权贷款利率（%） | 图5 新增社融占GDP的比重 | 图6 社会融资规模余额同比（%） | 图7 工业增加值当月同比（%） | 图8 民间固定资产投资当季同比（%） | 图9 实际进出口同比（%） | 图10 钢材产量同比（%） | 图11 水泥产量同比（%） | 图12 房地产开发投资当季同比（%） | 图13 基础设施建设类投资当季同比（%） | 图14 公共财政支出与政府性基金支出同比（%）,02_markdown_articles/060_2017-07-29_金融去杠杆对实体经济的冲击.md,正文保留图题、来源与 EPUB 图像路径注释；原始图像仍在源 EPUB 中。
066,走向2035的中国经济,2021-02-10,流动性、利率与汇率,8,图1：转型中的实际GDP增速（%） | 图2 高收入国家人均国民收入门槛（美元） | 图3 高收入标准推测值 | 图3 高收入标准推测值 | 图4 各宗教文化经济体　GDP潜在实际增速（HP滤波） | 图5 转型中的实际有效汇率 | 图6 转型中的制造业实际工资 | 图7 转型中的实际有效汇率\*制造业实际工资,02_markdown_articles/066_2021-02-10_走向2035的中国经济.md,正文保留图题、来源与 EPUB 图像路径注释；原始图像仍在源 EPUB 中。
071,向死而生,2011-12-15,资本市场与金融风险,17,图1：OECD 工业生产和综合领先指标同比（%） | 图2：中国出口名义和实际增速（%） | 图3：中国和美国生产者价格同比（%） | 图4：中国外汇占款月度增量（亿人民币） | 图5：中国房地产开发投资同比（%） | 图6：中国粗钢和水泥产量同比（%） | 图7：名义和实际社会消费品零售增速季度同比（%） | 图8：电力、铁路和公路投资同比（%） | 图9：制造业固定资产投资同比（%） | 图10：东部和中西部地区工业增速（%） | 图11：分行业固定资产投资增速的比较（%） | 图12：金融机构人民币贷款加权平均利率（%） | 图13：加权贷款利率较基准利率上浮 | 图14：十年期国债收益率（月均，%） | 图15：票据直贴利率：6 个月（日度，%） | 图16：中国短期和中长期贷款增速（%） | 图17：名义GDP 增速（季度，%）,02_markdown_articles/071_2011-12-15_向死而生.md,正文保留图题、来源与 EPUB 图像路径注释；原始图像仍在源 EPUB 中。
079,见龙在田,2014-12-25,资本市场与金融风险,20,图表 | 图表 | 图表 | 图1：工业增加值当月同比（%） | 图2：中国PPI 和调整后的PPI 环比（%） | 图3：上市公司销售净利率（%） | 图4：上市公司销售净利率（%） | 图5：30 大中城市商品房销售面积（万平方米） | 图6：商品房销售面积和房地产开发投资当季同比（%） | 图7：财政支出同比增速MA3（%） | 图8：标普(扣除通胀)和大宗商品涨幅，% | 图9：5年期中票与同期限国开债利差，% | 图10：加权贷款利率，% | 图11：贷款类信托预期收益率，% | 图12：个人住房贷款加权平均利率，% | 图13：银行理财预期收益率，1周和2周（%） | 图14：银行保本理财预期收益率，% | 图15：1年和5年的国开债，% | 图16：贷款与其他融资余额同比，% | 图17：恒生AH股溢价指数，%,02_markdown_articles/079_2014-12-25_见龙在田.md,正文保留图题、来源与 EPUB 图像路径注释；原始图像仍在源 EPUB 中。
081,日乾夕惕,2015-07-02,资本市场与金融风险,22,图1：恒生AH 溢价指数（%） | 图2：AH 溢价-整体AH 股（%） | 图3：AH 溢价-金融石油石化以外的其他股票（%） | 图4：沪港通资金流向：北上资金减去南下资金，周度频率（亿人民币） | 图5：孟买指数 | 图6：印度五年期主权债CDS 费率（BP） | 图7：印度卢比对美元vs 新兴市场汇率指数（2012 年1 月1 日=100） | 图8：印度的资本流动（百万美元） | 图9：印度的经济增长（%） | 图10：三中全会决议公布后的人民币汇率 | 图11：三中全会决议公布后的中国主权债5 年期CDS 费率（BP） | 图12：中国主权债5 年期CDS 费率（BP） | 图13：季度热钱占GDP 比例（TTM） | 图14：中证全指 | 图15：加权贷款利率（%） | 图16：融资买入占市场成交额比重（%） | 图17：融资融券利率费率（%） | 图18：分级A 平均约定收益率和隐含收益率 | 图19：分级基金份额及占全部基金份额比重（亿，%） | 图20：广义财政支出增速（%） | 图21：餐饮收入同比增速与社会消费品零售同比增速（%） | 图22：住宿餐饮业和其他服务业工资增速（%）,02_markdown_articles/081_2015-07-02_日乾夕惕.md,正文保留图题、来源与 EPUB 图像路径注释；原始图像仍在源 EPUB 中。
085,守正待时,2016-07-07,资本市场与金融风险,21,图1：受反腐冲击城市和无冲击城市定基房价差 | 图2：受反腐冲击城市和无冲击城市房地产销售滚动增速差，% | 图3：受反腐冲击城市和无冲击城市房地产新开工滚动增速差，% | 图4：受反腐冲击城市和无冲击城市土地购置面积滚动同比，% | 图5：受反腐冲击城市和无冲击城市居民可支配收入增速差，% | 图6：受反腐冲击城市和无冲击城市小学在校生增速，% | 图7：普通小学在校生人数增速，% | 图8：全国小学适龄入学人口数，千人 | 图9：房地产销售和新开工增速当季同比增速，% | 图10：房地产存货变化情况，千平方米 | 图11：产能过剩行业分类 | 图12：产能过剩行业地理分布 | 图13：国有比重高的行业ROA 下降更加明显 | 图14：周期上升时ROA 越高，近期ROA 降幅越大 | 图15：PPI 环比增速，% | 图16：新增表外融资占新增广义社融的比重（%） | 图17：银行理财资金投向 | 图18：新增理财资金占M2 之比（%） | 图19：理财产品预期回报率（%） | 图20：理财产品预期回报率与同期限定存、同业拆借利率的差（%） | 图21：信用利差（5 年AA+与5 年国开利差，%）,02_markdown_articles/085_2016-07-07_守正待时.md,正文保留图题、来源与 EPUB 图像路径注释；原始图像仍在源 EPUB 中。
092,去杠杆之争,2018-05-31,资本市场与金融风险,39,图1：非金融企业部门杠杆率，% | 图2：各国非金融企业部门杠杆率比较，% | 图3：居民部门杠杆率，% | 图4：各国居民部门杠杆率比较，% | 图5：中央政府和地方政府杠杆率，% | 图6：各国政府部门杠杆率比较，% | 图7：城投企业杠杆率，% | 图8：全部非金融国有企业资产负债率，% | 图9：规上工业企业资产负债率 | 图10：非金融上市公司资产负债率 | 图11：各风格板块上市公司资产负债率 | 图12：全部非金融国有企业资产周转率 | 图13：规上工业企业资产周转率 | 图14：非金融上市公司资产周转率 | 图15：规上工业企业净资产同比与制造业投资同比，% | 图16：政府部门债务性收入同比增速，% | 图17：全国房地产非合意库存测算，千平方米 | 图18：制造业投资和民间投资当季同比，% | 图19：GDP 季度同比和工业增加值季度同比，% | 图20：金融机构人民币贷款加权平均利率，% | 图21：非证券投资类信托收益率，% | 图22：资本流动占GDP 比重，% | 图23：人民币汇率指数 | 图24：出口实际同比增速，% | 图25：全球出口实际同比，% | 图26：规上工业企业非流动资产增速，% | 图27：上市工业企业固定资产+在建工程同比，% | 图28：非贷款社融余额同比增速，% | 图29：金融机构人民币贷款加权平均利率，% | 图30：非证券投资类信托收益率，% | 图31：人民币汇率指数 | 图32：信用利差：央企、地方国企和民企，BP | 图33：民企信用利差-央企信用利差，BP | 图34：城投债信用利差，BP | 图35：中国5 年期主权债CDS 费率 | (1) 设定生产函数 | (2) 资产周转率 | (3) 资产周转率增速 | (4) 资产周转率提升需要满足,02_markdown_articles/092_2018-05-31_去杠杆之争.md,正文保留图题、来源与 EPUB 图像路径注释；原始图像仍在源 EPUB 中。
094,青山遮不住 毕竟东流去,2020-09-14,资本市场与金融风险,17,图1：上证综指、沪深300 和沪深300（除金融）指数，点 | 图2：沪深300 全收益指数，点 | 图3：沪深300（除金融）ROE，% | 图4：银行 ROE，% | 图5：制造业投资和工业名义同比，% | 图6：中国出口的国际份额，% | 图7：人民币实际有效汇率指数，点 | 图8：中国出口的国际份额（剔除原油），% | 图9：CFETS 人民币汇率指数，点 | 图10：中国和美国PPI 同比，% | 图11：PPI 同比真实值和拟合值，% | 图12：农村外出务工劳动力人数，万人 | 图13：CPI 衣着、居住、生活用品及服务同比，% | 图14：CPI 交通和通信、教育文化和娱乐、医疗保健，% | 图15：金融机构贷款加权利率：一般贷款 vs 住房贷款，% | 图16：商品房销售面积同比，% | 图17：70 城二手房房价环比，%,02_markdown_articles/094_2020-09-14_青山遮不住_毕竟东流去.md,正文保留图题、来源与 EPUB 图像路径注释；原始图像仍在源 EPUB 中。
097,中国影子银行兴起及其风险,,资本市场与金融风险,8,图1：M2 同比、社会融资规模余额同比、社会融资规模与外汇占款 | 图2：国债收益率（%） | 图3：人民币贷款加权利率（%） | 图4：贷款与法定存款准备金之和占商业银行存款的比例（%） | 图5：银行理财产品发行支数以及3-6 个月保本型理财产品与同期限 | 图6：企业部门短端资金融入增速与短端资金融出增速（%） | 图7：企业部门短端资金净融入/名义GDP | 图8：国债期限利差（10y-1y）（%）,02_markdown_articles/097_中国影子银行兴起及其风险.md,正文保留图题、来源与 EPUB 图像路径注释；原始图像仍在源 EPUB 中。
100,房地产复苏和调控,2013-03-05,房地产、城市化与消费,12,图1：住宅、商业和办公楼销售面积季度增速（%） | 图2：40 城市和其他地区商品房销售面积月度增速（%） | 图3：商品房销售面积季度增速（%） | 图4：金融机构甲醛贷款利率和GDP 增速（%） | 图5：商品房销售面积年度增速（%） | 图6：房地产开发投资资金来源累计同比增速（%） | 图7：商品房销售面积和房地产开发投资季度增速（%） | 图8：35 个城市住宅投资和销售占全国商品房的比例（%） | 图9：40 城市住宅投资对房地产开发投资增速贡献（%） | 图10：一二三线城市二手住宅价格指数同比（%） | 图11：35 城市和其它地区商品房销售增速（%） | 图12：一线城市二手住宅租金收益率（%）,02_markdown_articles/100_2013-03-05_房地产复苏和调控.md,正文保留图题、来源与 EPUB 图像路径注释；原始图像仍在源 EPUB 中。
101,中国房地产市场正在去泡沫化,2014-07-05,房地产、城市化与消费,7,图1 | 图2 | 图3 | 图4 | 图5 | 图6 | 图7,02_markdown_articles/101_2014-07-05_中国房地产市场正在去泡沫化.md,正文保留图题、来源与 EPUB 图像路径注释；原始图像仍在源 EPUB 中。
102,盈虚之有时,2014-07-07,房地产、城市化与消费,16,图1：OECD 综合领先指标 | 图2：发达经济体和新兴经济体制造业PMI（%） | 图3：中国进出口实际同比增速 | 图4：中国出口实际同比增速（不包含香港、澳门） | 图5：中国和美国PPI 同比增速 | 图6：PPI 环比增速和工业增加值环比增速（%） | 图7：周期股TTMROE 与PPI | 图8：制造业上市公司投资增速和PPI | 图9：官方制造业固定资产投资增速和调整值 | 图10：上市房地产企业存货水平 | 图11：上市房地产企业总资产水平 | 图12：上市房地产企业ROA 和ROE | 图13：70 大中城市：一二三线城市新建住宅价格定基指数 | 图14：百城：一二三线城市住宅价格定基指数 | 图15：商品房销售面积当季同比增速 | 图16：房屋新开工面积当季同比增速,02_markdown_articles/102_2014-07-07_盈虚之有时.md,正文保留图题、来源与 EPUB 图像路径注释；原始图像仍在源 EPUB 中。
104,守望春华,2016-12-27,房地产、城市化与消费,39,图1：小学在校生人数增速和房价涨幅，% | 图2：小学在校生人数增速和房价涨幅，% | 图3：二线城市小学在校生人数增速比较 | 图4：两组二线城市住宅销售面积增速差，% | 图5：两组二线城市住宅新开工面积增速差异，% | 图6：居民可支配收入增速对比，% | 图7：教育财政支出和小学生人数增速 | 图8：以小学在校生增速衡量的人口集中涌入的城市 | 图9：城市夜晚灯光亮度 | 图10：城市夜晚灯光亮度 | 图11：城市灯光亮度比较 | 图12：城市灯光密集区域占城市范围比例 | 图13：海港城市圈居住用地占城市建设用地比重(统一按中国口径） | 图14：内陆首都城市圈居住用地占城市建设用地比重(统一按中国口径） | 图15：全球主要城市房价收入比 | 图16：居住用地面积增速和房价涨幅，% | 图17：居住用地面积增速和房价涨幅，%（人均三产GDP 前10 的城市） | 图18：居住用地面积增速和房价涨幅，%（小学在校生人数前10 的城市） | 图19：居住用地面积增速和房价涨幅，%（城市常住人口前10 的城市） | 图20：居住用地面积增速和常住人口的关系 | 图21：二线涨幅靠前城市测算非合意库存量（千平米） | 图22：二线涨幅靠后城市测算非合意库存量（千平米） | 图23：三四线城市测算非合意库存量（千平米） | 图24：上市房地产企业存货/总资产 | 图25：日本房地产投资占GDP 比重，% | 图26：美国房地产投资占GDP 比重，% | 图27：PPI 环比（%） | 图28：规模以上工业企业主营业务收入累计利润率（%） | 图29：上市工业企业主营业务收入累计利润率（%） | 图30：上市工业企业滚动ROA（%） | 图31：宏观杠杆水平的衡量——债务/GDP（%） | 图32：住户部门负债/GDP（%） | 图33：政府部门负债/GDP（%） | 图34：非金融企业部门负债/GDP（%） | 图35：非金融上市企业负债/销售收入（%） | 图36：非金融上市企业资产负债率（%） | 图37：非金融上市企业资产周转率（%） | 图38：非金融上市企业资产周转率和剔除通胀影响的资产周转率（%） | 图39：PPI 定基数（2002 年=100）,02_markdown_articles/104_2016-12-27_守望春华.md,正文保留图题、来源与 EPUB 图像路径注释；原始图像仍在源 EPUB 中。
111,风物长宜放眼量,2021-07-08,房地产、城市化与消费,27,图1：东亚经济转型中的实际GDP 增速，% | 图2：中国增量资本产出比（ICOR） | 图3：中国增量资本产出比（ICOR，每5 年几何平均） | 图4：东亚经济转型时期：ICOR 对标 （每5 年几何平均） | 图5：东亚经济转型时期：ICOR 对标（5 年几何平均逐年） | 图6：东亚经济转型时期：ICOR 对标（5 年几何平均） | 图7：中国资本报酬率与ICOR 倒数 | 图8：上市公司ROA，% （每5 年平均） | 图9：全国国企及央企总资产报酬率，%（财政部口径，阶段平均） | 图10：工业企业实际ROA：国有和非国有，% （每5 年平均） | 图11：东亚转型时期：1 年期国债名义利率，% （每5 年平均） | 图12：中国转型时期：1 年期国债名义利率，% （每5 年平均） | 图13：东亚转型时期：1 年期国债实际利率，% （每5 年平均） | 图14：中国转型时期：1 年期国债实际利率，% （每5 年平均） | 图15：东亚经济转型时期：名义贷款利率，% （每5 年平均） | 图16：东亚经济转型时期：实际贷款利率，% （每5 年平均） | 图17：中国经济转型时期：实际贷款加权利率，% （每5 年平均） | 图18：东亚经济转型时期：国民储蓄率，%（每5 年平均） | 图19：东亚经济转型时期：国民储蓄率，%（每5 年平均） | 图20：东亚经济转型时期：国民储蓄率，%（20 年平均） | 图21：ICOR 与一年期国债实际利率（每5 年平均） | 图22：ICOR 与名义贷款利率（每5 年平均） | 图23：ICOR 与实际贷款利率（每5 年平均） | 图24：中国贷款、债券和信托：名义利率，% （阶段平均） | 图25：中国贷款、债券和信托：实际利率，% （阶段平均） | 图26：中国经常账户差额:占GDP 比重，%（每5 年平均） | 图27：测算实体企业、广义政府和房地产口径的增量债务占比，%,02_markdown_articles/111_2021-07-08_风物长宜放眼量.md,正文保留图题、来源与 EPUB 图像路径注释；原始图像仍在源 EPUB 中。
112,沉舟侧畔千帆过,2021-12-24,房地产、城市化与消费,25,"图1：商品房销售与新增城镇常住、就业人口增速之差（%，5YMA） | 图2：商品房销售与新增城镇常住、就业人口增速之差（%，HP 滤波） | 图3：新增城镇常住、就业人口与商品房销售面积增速（%，5 年平均） | 图4：商品房销售面积真实值与估计值，亿平方米 | 图5：东亚经济转型中的实际GDP 增速，% | 图6：东亚经济体：住宅投资/GDP（%,HP 滤波） | 图7：测算商品房存货周转率，% | 图8：房地产行业销售净利率，% | 图9：人民币实际有效汇率指数 | 图10：中国出口额、工业出口交货值占全球市场的份额，% | 图11：出口交货值分类下的工业增速，% | 图12：出口交货值分类下的工业增加值占比，% | 图13：出口交货值分类下的资本开支/营业收入，% | 图14：出口交货值分类下的资本开支占比，% | 图15：不同营收增速分组的增加值增速，% | 图16：不同营收增速分组的利润总额/增加值，% | 图17：不同营收增速分组的增加值占比，% | 图18：不同营收增速分组的资本开支占比，% | 图19：不同营收增速分组的员工人数占比，% | 图20：上市公司员工分组占比及新增流向，% | 图21：不同营收增速分组下的人均薪酬变化（定基数，以2014 年为100） | 图22：不同营收增速分组的市值占比，% | 图23：不同营收增速分组下的股价变化（以2010 年为100） | 图24：不同营收增速分组下的股价变化（以2009 年为100） | 图25：不同营收增速分组的民营企业市值占比（%）",02_markdown_articles/112_2021-12-24_沉舟侧畔千帆过.md,正文保留图题、来源与 EPUB 图像路径注释；原始图像仍在源 EPUB 中。
114,物转星移又一秋,2022-12-18,房地产、城市化与消费,31,图1：居民户新增广义存贷款轧差/居民部门总收入（4Q，TTM），% | 图2：居民户储蓄率偏离值，% | 图3：测算全国商品房非意愿库存，千平方米 | 图4：日本房地产投资占GDP 比重，% | 图5：美国房地产投资占GDP 比重，% | 图6：中国房地产投资占GDP 比重，% | 图7：新房价格弹性，% | 图8：二手房价格弹性，% | 图9：增长与安全四象限 | 图10：行业相对万得全A 价格指数：国防军工（第一象限） | 图11：行业内国企相对非国企PE：国防军工（第一象限） | 图12：行业内国企相对非国企PB：国防军工（第一象限） | 图13：行业内国企相对非国企价格指数：国防军工（第一象限） | 图14：万得中概股100 指数成分——互联网（第二象限） | 图15：万得中概股100 相对纳斯达克价格指数：互联网（第二象限） | 图16：万得中概股100 指数营业收入增速（固定样本， 第二象限） | 图17：万得中概股100 相对纳斯达克指数市净率变化（第二象限） | 图18：行业相对万得全A 价格指数：家用电器（第三象限） | 图19：行业内国企相对非国企PE：家用电器（第三象限） | 图20：行业内国企相对非国企PB：家用电器（第三象限） | 图21：行业相对万得全A 价格指数：电力设备（第一象限） | 图22：行业内国企相对非国企PE：电力设备（第一象限） | 图23：行业内国企相对非国企PB：电力设备（第一象限） | 图24：行业相对万得全A 价格指数：新能源汽车（第四象限） | 图25：行业内国企相对非国企PE：新能源汽车（第四象限） | 图26：行业内国企相对非国企PB：新能源汽车（第四象限） | 图27：万得“专精特新”概念指数（第四象限） | 图28：行业相对万得全A 价格指数：专精特新（第四象限） | 图29：行业内国企相对非国企PE ：专精特新（第四象限） | 图30：行业内国企相对非国企PB：专精特新（第四象限） | 图31：行业内国企相对非国企价格指数：专精特新（第四象限）,02_markdown_articles/114_2022-12-18_物转星移又一秋.md,正文保留图题、来源与 EPUB 图像路径注释；原始图像仍在源 EPUB 中。
116,道是无晴却有晴,2023-12-13,房地产、城市化与消费,37,图1：东北分整体和分能级商品住宅销售面积指数 | 图2：东北分能级房地产投资占GDP 比重，% | 图3：日本房地产投资占GDP 比重，% | 图4：美国房地产投资占GDP 比重，% | 图5：中国房地产投资占GDP 比重，% | 图6：住宅投资占比，% | 图7：住宅投资GDP 占比中位数（2000-2019），% | 图8：分能级城镇人口同比，% | 图9：全国分能级住宅销售面积，亿平米 | 图10：分人口流出率三四线城市住宅销售面积，亿平 | 图11：分人口流出率三四线城市住宅销售面积，千平 | 图12：销售面积变化与户籍人口留存率，% | 图13：全国和分能级商品房销售占比，% | 图14：商品房销售-扣土地购置费后投资占GDP 比重，% | 图15：房地产相关税费占GDP 比重，% | 图16：中国金融业和房地产业增加值和土地费占GDP 比重，% | 图17：东北和分能级商品房销售占比，% | 图18：东北商品房销售-扣土地购置费后投资占GDP 比重，% | 图19：分能级商品房销售情况前后对比，% | 图20：成交土地占地面积，亿平米 | 图21：住宅类成交土地占地面积，亿平米 | 图22：房地产企业土地购置面积，亿平米 | 图23：整体和分能级容积率 | 图24：成交土地规划建筑面积，亿平米 | 图25：成交土地规划建筑面积:住宅用地，亿平米 | 图26：成交住宅规划建筑面积后四年/前四年，% | 图27：分能级城镇人口同比增速，% | 图28：东北分能级城镇人口同比增速，% | 图29：大城市与全国经济增速差值，% | 图30：大城市与全国城镇社零增速差值，% | 图31：大城市与城镇失业率差值，% | 图32：A 股房地产行业经营性现金流偏离，亿元 | 图33：A 股房地产行业投资性现金流偏离，亿元 | 图34：A 股房地产行业筹资性现金流偏离，亿元 | 图35：A 股房地产行业筹资性现金流偏离，% | 图36：港股国有和民营股票 | 图37：港股优质和弱势民企股票,02_markdown_articles/116_2023-12-13_道是无晴却有晴.md,正文保留图题、来源与 EPUB 图像路径注释；原始图像仍在源 EPUB 中。
117,关于当前房地产市场的几个问题,2024-01-30,房地产、城市化与消费,7,图1 日本房地产投资占GDP比重（%） | 图2 美国房地产投资占GDP比重（%） | 图3 中国房地产投资占GDP比重（%） | 图4 美国二手房销售年化（千套） | 图5 13城新房和二手房成交面积指数 | 图6 克而瑞30城新房和二手房销售面积 | 图7 贝壳25城二手房价格和租金价格指数（%）,02_markdown_articles/117_2024-01-30_关于当前房地产市场的几个问题.md,正文保留图题、来源与 EPUB 图像路径注释；原始图像仍在源 EPUB 中。
118,奋楫逐浪天地宽,2024-05-31,房地产、城市化与消费,24,"图1：贸易盈余/GDP(剔除价格）,% | 图2：名义贸易盈余/GDP，% | 图3：PPI 环比，% | 图4：南华工业品指数 | 图5：高盛商品指数 | 图6：贝壳25 城二手房价格和租金价格指数 | 图7：2023 年二手房价格和租金价格变化，% | 图8：收入预期和房贷利率，% | 图9：大中城市房价收入比和购房难度指数 | 图10：A 股国有和民营房企股价指数 | 图11：港股国有和民营房企股价指数 | 图12：中资美元债与美债利差、高收益债与美债利差，% | 图13：中国资本报酬率与ICOR 倒数，% | 图14：加权贷款利率与国债利差，% | 图15：日本境外投资存量和直接投资存量占资本存量比重，% | 图16：日本海外销售占GDP 比重，% | 图17：境外投资收益占营业盈余比重，% | 图18：境内外直接投资资本回报率对比，% | 图19：日本行业层面出海程度V.S.行业ROA，% | 图20：日本行业层面出海程度V.S.行业净利润率，% | 图21：日本行业层面出海程度V.S.行业ROA，% | 图22：日本行业层面出海程度与行业ROA 双向固定效应回归 | 图23：日本个股：日经内需50 指数V.S.日经外需50 指数 | 图24：日本个股：日经内需50 指数V.S.日经外需50 指数",02_markdown_articles/118_2024-05-31_奋楫逐浪天地宽.md,正文保留图题、来源与 EPUB 图像路径注释；原始图像仍在源 EPUB 中。
120,产业结构转型与消费驱动转型,2024-09-30,房地产、城市化与消费,16,图1 上市公司行业分类及数量 | 图2 不同分类行业营业总收入占比 | 图3 不同分类行业总市值占比 | 图4 支持/中性与限制/中性的净利润发展趋势图 | 图5 支持/中性与限制/中性的净利润率发展趋势图 | 图6 相较于中性行业，支持与限制行业员工总数发展情况 | 图7 相较于中性行业，支持与限制行业CAPEX变化情况 | 图8 相较于中性行业，支持与限制行业负债量变化情况 | 图9 相较于中性行业，支持与限制行业所有者权益变化情况 | 图10 相较于中性行业，支持与限制行业PE（市盈率）变化情况 | 图11 相较于中性行业，支持与限制行业PB（市净率）变化情况 | 图12 相较于中性行业，支持与限制行业股价变化情况 | 图13 疫情前各省份社零同比增速与中青年人口数量的关系 | 图14 疫情后各省份社零同比增速与中青年人口数量的关系 | 图15 疫情前人口流入更多（年轻人占比更高）的省份消费增长更快 | 图16 疫情后更多（年轻人占比更高）的省份消费增速更低,02_markdown_articles/120_2024-09-30_产业结构转型与消费驱动转型.md,正文保留图题、来源与 EPUB 图像路径注释；原始图像仍在源 EPUB 中。
127,走进新时代,2017-12-31,产业、产能与能源转型,29,图1：限产行业和非限产行业工业增加值增速，% | 图2：限产行业和非限产行业工业增加值增速，% | 图3：历次经济反弹时，PPI 相对工业增加值的弹性 | 图4：交通运输、仓储和邮政业GDP 增速，% | 图5：固定资产投资季度同比，% | 图6：中国实际出口季度同比增速，% | 图7：全球工业生产同比增速，% | 图8：剔除亚洲新兴国家的全球工业生产增速，% | 图9：发达和新兴市场股票指数 | 图10：贸易盈余占GDP 比重，%（剔除价格，定基数） | 图11：上市房地产企业存货/总资产，% | 图12：全国房地产非合意库存测算，千平方米 | 图13：三四线城市房地产非合意库存，千平方米 | 图14：房地产开发投资同比增速，% | 图15：规上工业企业销售利润率与PPI 同比，% | 图16：上市工业企业销售净利率与PPI 同比，% | 图17：上市工业企业资产周转率 | 图18：规上工业企业总资产、净资产同比与制造业投资同比，% | 图19：规上工业企业总资产、流动资产、非流动资产同比，% | 图20：上市工业企业总资产、固定资产和在建工程同比，% | 图21：大盘指数和小盘指数 | 图22：大盘指数和小盘指数年涨幅，% | 图23：1 年期和10 年期国债到期收益率，% | 图24：M3 与 社融plus 增速比较（%） | 图25：货币信贷增速差与债券净价涨幅散点图2011-2017 | 图26：产能过剩行业分类 | 图27：产能过剩行业地理分布 | 图28：国有比重高的行业ROA 下降更加明显 | 图29：周期上升时ROA 越高，近期ROA 降幅越大,02_markdown_articles/127_2017-12-31_走进新时代.md,正文保留图题、来源与 EPUB 图像路径注释；原始图像仍在源 EPUB 中。
128,怎样看待中美国债利率倒挂？鲍威尔“转鸽”后续如何？,2018-12-04,产业、产能与能源转型,7,文章图表 | 文章图表 | 文章图表 | 文章图表 | 文章图表 | 文章图表 | 文章图表,02_markdown_articles/128_2018-12-04_怎样看待中美国债利率倒挂_鲍威尔“转鸽”后续如何.md,正文保留图题、来源与 EPUB 图像路径注释；原始图像仍在源 EPUB 中。
129,反者道之动,2018-12-11,产业、产能与能源转型,26,图1：限产和非限产行业的工业增加值同比，% | 图2：限产行业和对照行业的价格 | 图3：PPI 同比和非限产组工业增速同比 | 图4：贸易盈余/GDP，% | 图5：规上工业企业限产行业和对照行业的销售净利润率，% | 图6：上市工业企业限产行业和对照行业的销售净利润率，% | 图7：限产行业和对照组的制造业投资增速同比，% | 图8：全国房地产非合意库存测算，千平方米 | 图9：三四线房地产非合意库存测算，千平方米 | 图10：房地产新开工增速-销售增速，% | 图11：70 大中城市二手住宅价格环比，% | 图12：城市化率国际比较，% | 图13：非农就业人口/全部劳动力，% | 图14：各国居民部门杠杆率比较，% | 图15：住户部门贷款占收入的比重，% | 图16：住户部门年还本付息额/年可支配收入，% | 图17：城投平台有息负债同比增速，% | 图18：工业企业中国企资产负债率，% | 图19：上市国企资产负债率，% | 图20：非证券投资类信托收益率，% | 图21：人民贷款加权利率，% | 图22：欧洲和美西集装箱运价指数 | 图23：PE 和PB 水平 | 图24：联邦模型下的PE 和PB | 图25：PB 和Forward PE 水平 | 图26：联邦模型下的PB 和Forward PE 水平,02_markdown_articles/129_2018-12-11_反者道之动.md,正文保留图题、来源与 EPUB 图像路径注释；原始图像仍在源 EPUB 中。
131,碳中和与双循环,2021-06-23,产业、产能与能源转型,9,图1 疫情以来部分重要商品涨幅 | 图2 商品涨幅与其碳总排放量关系 | 图3 加工制造业弹性系数与碳排放量 | 图3 加工制造业弹性系数与碳排放量 | 图3 加工制造业弹性系数与碳排放量 | 图3 加工制造业弹性系数与碳排放量 | 图4 中国粗钢净出口量占产量比重（2006-2020） | 图5 高品质铁矿石溢价（美元/吨） | 图6 全球螺纹钢价格,02_markdown_articles/131_2021-06-23_碳中和与双循环.md,正文保留图题、来源与 EPUB 图像路径注释；原始图像仍在源 EPUB 中。
132,能源短缺与碳达峰,2021-11-19,产业、产能与能源转型,4,图1 2020年以来中国发电来源分类季度增速，% | 图2 2010-2021年我国工业、第三产业和居民部门用电弹性 | 图3 中国部分省份每吨碳排放所对应的工业增加值，元/吨 | 图4 高耗能行业和其余制造业等每吨碳排放所对应的增加值，元/吨,02_markdown_articles/132_2021-11-19_能源短缺与碳达峰.md,正文保留图题、来源与 EPUB 图像路径注释；原始图像仍在源 EPUB 中。
141,经济下行风险累积,2018-07-31,贸易、国际收支与全球经济,7,文章图表 | 文章图表 | 文章图表 | 文章图表 | 文章图表 | 文章图表 | 文章图表,02_markdown_articles/141_2018-07-31_经济下行风险累积.md,正文保留图题、来源与 EPUB 图像路径注释；原始图像仍在源 EPUB 中。
142,中美贸易战影响如何？,2018-09-30,贸易、国际收支与全球经济,6,图1 年初以来大盘走势与贸易战主要事件 | 图2 中概股指数与纳斯达克指数的走势 | 图3 AH上市的H股指数、标普500和新兴市场指数 | 图4 贸易战影响的回归结果 | 图5 R007和信托收益率 | 图6 人民币汇率指数和主权债CDS,02_markdown_articles/142_2018-09-30_中美贸易战影响如何.md,正文保留图题、来源与 EPUB 图像路径注释；原始图像仍在源 EPUB 中。
143,外需走弱内需疲软，水泥强势值得关注,2018-11-22,贸易、国际收支与全球经济,21,文章图表 | 文章图表 | 文章图表 | 文章图表 | 文章图表 | 文章图表 | 文章图表 | 文章图表 | 文章图表 | 文章图表 | 文章图表 | 文章图表 | 文章图表 | 文章图表 | 文章图表 | 文章图表 | 文章图表 | 文章图表 | 文章图表 | 文章图表 | 文章图表,"02_markdown_articles/143_2018-11-22_外需走弱内需疲软,水泥强势值得关注.md",正文保留图题、来源与 EPUB 图像路径注释；原始图像仍在源 EPUB 中。
144,进出口走势不容乐观，托底政策将持续出台,2019-01-15,贸易、国际收支与全球经济,6,文章图表 | 文章图表 | 文章图表 | 文章图表 | 文章图表 | 文章图表,"02_markdown_articles/144_2019-01-15_进出口走势不容乐观,托底政策将持续出台.md",正文保留图题、来源与 EPUB 图像路径注释；原始图像仍在源 EPUB 中。
145,静水深流,2019-05-29,贸易、国际收支与全球经济,22,图1：中概股指数真实值和拟合值（截至2018 年8 月末） | 图2：港股指数真实值和拟合值（截至2018 年8 月末） | 图3：中概股指数真实值和拟合值（截至2019 年4 月末） | 图4：港股指数真实值和拟合值（截至2019 年4 月末） | 图5：中概股指数真实值和拟合值（截至2019 年5 月） | 图6：港股指数真实值和拟合值（截至2019 年5 月） | 图7：全球工业同比增速，% | 图8：OECD 综合领先指标 | 图9：全球制造业和服务业PMI，% | 图10：全球出口同比，% | 图11：名义和实际贸易盈余/GDP，% | 图12：全国居民人均可支配收入和社会消费品零售同比，% | 图13：社会消费品零售和商品房销售同比，% | 图14：社会消费品零售和商品房销售同比，% | 图15：社会消费品零售和商品房销售同比变化，% | 图16：住户部门：实物交易中储蓄/可支配收入，% | 图17：住户部门：金融交易中储蓄/可支配收入，% | 图18：理财、住户部门存款余额同比，% | 图19：住户部门:商品房销售额/可支配收入和住宅销售额/可支配收入，% | 图20：住户部门:中长期贷款变化/可支配收入，% | 图21：理财、住户部门存款余额同比，% | 图22：银行理财产品预期收益率，%,02_markdown_articles/145_2019-05-29_静水深流.md,正文保留图题、来源与 EPUB 图像路径注释；原始图像仍在源 EPUB 中。
146,贸易战对实体经济的影响如何,2019-08-23,贸易、国际收支与全球经济,3,文章图表 | 文章图表 | 文章图表,02_markdown_articles/146_2019-08-23_贸易战对实体经济的影响如何.md,正文保留图题、来源与 EPUB 图像路径注释；原始图像仍在源 EPUB 中。
148,吹尽狂沙始到金,2022-07-02,贸易、国际收支与全球经济,9,图1：Wind 全A 和沪深300 指数，点 | 图2：世界银行高收入经济体标准，美元/人 | 图表 | 图3：世界银行高收入经济体标准，美元/人 | 图4：人民币实际有效汇率指数与美元兑人民币汇率 | 图5：东亚经济转型中的实际GDP 增速，% | 图6：算数平均下的增长组名义人均GDP ，美元/人 | 图7：算数平均下的停滞组名义人均GDP ，美元/人 | 图8：各经济体跨过高收入门槛后的长期经济增速与得分，%，分,02_markdown_articles/148_2022-07-02_吹尽狂沙始到金.md,正文保留图题、来源与 EPUB 图像路径注释；原始图像仍在源 EPUB 中。
152,新冠肺炎疫情对全球金融市场和国内实体经济的影响,2020-02-29,财政、疫情及宏观应对,20,图1 全国新增确诊病例和新增疑似病例 | 图2 湖北省新增确诊病例 | 图3 武汉封城前后MSCI全球、发达和新兴市场指数表现 | 图4 武汉封城前后美国三大股指表现 | 图5 武汉封城前后美国、欧洲、日本股票指数表现 | 图6 武汉封城前后10年期美国和日本国债收益率表现 | 图7 武汉封城前后10年期美国和德国国债收益率表现 | 图8 武汉封城前后新兴经济体主权债收益率表现 | 图9 武汉封城前后美国BBB级企业债利率和利差表现 | 图10 武汉封城前后美元指数和日元兑美元汇率表现 | 图11 武汉封城前后新兴市场汇率指数表现 | 图12 武汉封城前后高盛商品指数和原油价格表现 | 图13 武汉封城前后黄金价格表现 | 图14 武汉封城前后中国A股市场整体表现 | 图15 武汉封城前后中国10年期国债和国开债收益率表现 | 图16 武汉封城前后人民币汇率表现 | 图17 武汉封城前后南华工业品指数表现 | 图18 2019年和2020年春节前后　全国发送旅客数（单位：万人次） | 图19 2017—2020年春节前后　6大发电集团日均耗煤量（单位：万吨） | 图20 2020年各省规模以上工业企业复工率,02_markdown_articles/152_2020-02-29_新冠肺炎疫情对全球金融市场和国内实体经济的影响.md,正文保留图题、来源与 EPUB 图像路径注释；原始图像仍在源 EPUB 中。
154,新冠疫情常态化如何影响经济运行——微观机理、数值估计与政策应对,2020-06-14,财政、疫情及宏观应对,6,文章图表 | 文章图表 | 文章图表 | 文章图表 | 文章图表 | 文章图表,02_markdown_articles/154_2020-06-14_新冠疫情常态化如何影响经济运行——微观机理、数值估计与政策应对.md,正文保留图题、来源与 EPUB 图像路径注释；原始图像仍在源 EPUB 中。
155,变局之中开新局,2020-07-01,财政、疫情及宏观应对,25,图1：可选消费：交易金额和恢复程度 | 图2：可选消费：交易金额和恢复程度 | 图3：社零和固定资产投资当月同比，% | 图4：30 大中城市商品房交易面积及恢复度，万平方米、% | 图5：乘用车每周日均零售同比(4WMA)， % | 图6：可选消费：交易金额和恢复程度（13 个样本） | 图7：可选消费：交易金额和恢复程度(22 个样本) | 图8：限额以上必选、可选消费（除石油）当月同比， % | 图9：高频消费数据同比增速， % | 图10：限额以上企业商品零售总额同比， % | 图11：全国餐饮账单数量同比（7DMA）， % | 图12：民航运输人数同比， % | 图13：中端酒店出租率同比， % | 图14：限额以上可选和石油消费当月同比， % | 图15：标普指数、中概股和纳斯达克指数 | 图16：标普500 与餐饮、航空和酒店指数 | 图17：社会消费品零售总额同比：限额以上及以下，% | 图18：CPI 中家庭服务及加工维修服务价格当月同比，% | 图19：自主、合资和豪华汽车当月同比，% | 图20：美国和德国10 年期国债收益率，% | 图21：美国高收益企业债期权调整利差，% | 图22：制造业投资当月同比，% | 图23：民间投资当月同比，% | 图24：美国、日本、德国和意大利股指 | 图25：MSCI 发达和新兴市场指数,02_markdown_articles/155_2020-07-01_变局之中开新局.md,正文保留图题、来源与 EPUB 图像路径注释；原始图像仍在源 EPUB 中。
157,经济恢复现分化，政策干预需更有针对性,2020-07-24,财政、疫情及宏观应对,6,图1 规模以上工业增加值当月同比（单位：%） | 图2 社会消费品零售名义同比：限额以上V.S.限额以下（单位：%） | 图3 服务业生产指数当月同比（单位：%） | 图4 交易费用楔子示意图 | 图5 可选消费：交易金额和恢复程度（13个样本）（单位：%） | 图6 可选消费：交易金额和恢复程度（22个样本）（单位：%）,"02_markdown_articles/157_2020-07-24_经济恢复现分化,政策干预需更有针对性.md",正文保留图题、来源与 EPUB 图像路径注释；原始图像仍在源 EPUB 中。
158,守得云开见月明,2021-01-14,财政、疫情及宏观应对,18,图1：北京城镇居民储蓄率，% | 图2：中国居民部门储蓄率，% | 图3：2020 年中国居民部门储蓄率偏离度，% | 图4：各国2019 年家庭储蓄率，% | 图5：各国2020 年家庭储蓄率最大偏离度，% | 图6：2020 年储蓄率最大偏离度和2019 年平均储蓄率，% | 图7：城镇和农村储蓄率，% | 图8：居民部门新增人民币存款轧差/居民部门总收入季节性偏离度，% | 图9：剔除趋势后各季度居民购房支出/居民部门总收入的偏离度，% | 图10：基金新增资金估算值/居民收入， % | 图11：居民部门新增贷款/可支配收入季节性偏离度，% | 图12：制造业投资和民间投资当月同比，% | 图13：转型中的实际GDP 增速，% | 图表 | 图14：世界银行高收入标准，美元 | 图15：测算1987 年以前的世界银行高收入标准，美元 | 图16：各宗教文化经济体GDP 潜在实际增速（HP 滤波），% | 图17：各宗教文化经济体GDP 同比实际增速的内部差异程度（标准差/平均值）,02_markdown_articles/158_2021-01-14_守得云开见月明.md,正文保留图题、来源与 EPUB 图像路径注释；原始图像仍在源 EPUB 中。
159,疫情下经济恢复的几个特征事实,2021-04-29,财政、疫情及宏观应对,11,图1 美国日本消费实际支出累计同比 | 图2 法国英国消费实际支出累计同比 | 图3 中国居民消费名义支出同比：货物-服务 | 图4 世界居民货物消费增速同比图片 | 图5 全球贸易当月同比 | 图6 全球工业增速同比 | 图7 中国和美国PPT月度同比 | 图8 全球经济回升期间PPI变化的弹性 | 图9 全球经济回升期间PPI变化的弹性 | 图10 各国近两年家庭储蓄率 | 图11 2020年中国居民部门储蓄率偏离度,02_markdown_articles/159_2021-04-29_疫情下经济恢复的几个特征事实.md,正文保留图题、来源与 EPUB 图像路径注释；原始图像仍在源 EPUB 中。
